data,evento,eh_feriado,vespera_feriado,eh_reuniao_impacto,tem_refeicao,eh_evento_especial,etapa
2023-01-01,DOMINGO,0,0,0,0,0,0
2023-01-02,DIA LETIVO PADRAO,0,1,0,0,0,0
2023-01-03,"PRIMEIRO SEMESTRE 1 09 - REVOLUÇÃO /MOVIMENTO CONSTITUCIONALISTA DE 1932 - LEI ESTADUAL Nº 9.497, DE 05/03/1997 (FERIADO ESTADUAL) 2 3 4 5 6 7 8 10 A 24 - FÉRIAS DOCENTES E DISCENTES (15 DIAS CORRIDOS) - PORTARIA Nº 2.791, DE 08 DE DEZEMBRO DE 2010 9 10 11 12 13 14 15 25 E 26 - RETORNO ÀS ATIVIDADES / PLANEJAMENTO PEDAGÓGICO E REUNIÕES ADMINISTRATIVAS 16 17 18 19 20 21 22 27 - INÍCIO DO 3º BIMESTRE 23 24 25 26 27 28 29 30 31 DIAS 1 0 0 1 1 0 ACUMULADO 1 0 0 1 1 0 DIAS LETIVOS NO MÊS 3 DIAS LETIVOS ACUMULADOS NO SEMESTRE 3 DIAS LETIVOS ACUMULADOS NO ANO 107 ATIVIDADES / EVENTOS",1,1,0,0,0,3
2023-01-04,"PRIMEIRO SEMESTRE 1 09 - REVOLUÇÃO /MOVIMENTO CONSTITUCIONALISTA DE 1932 - LEI ESTADUAL Nº 9.497, DE 05/03/1997 (FERIADO ESTADUAL) 2 3 4 5 6 7 8 10 A 24 - FÉRIAS DOCENTES E DISCENTES (15 DIAS CORRIDOS) - PORTARIA Nº 2.791, DE 08 DE DEZEMBRO DE 2010 9 10 11 12 13 14 15 25 E 26 - RETORNO ÀS ATIVIDADES / PLANEJAMENTO PEDAGÓGICO E REUNIÕES ADMINISTRATIVAS 16 17 18 19 20 21 22 27 - INÍCIO DO 3º BIMESTRE 23 24 25 26 27 28 29 30 31 DIAS 1 0 0 1 1 0 ACUMULADO 1 0 0 1 1 0 DIAS LETIVOS NO MÊS 3 DIAS LETIVOS ACUMULADOS NO SEMESTRE 3 DIAS LETIVOS ACUMULADOS NO ANO 107 ATIVIDADES / EVENTOS",1,1,0,0,0,3
2023-01-05,"PRIMEIRO SEMESTRE 1 09 - REVOLUÇÃO /MOVIMENTO CONSTITUCIONALISTA DE 1932 - LEI ESTADUAL Nº 9.497, DE 05/03/1997 (FERIADO ESTADUAL) 2 3 4 5 6 7 8 10 A 24 - FÉRIAS DOCENTES E DISCENTES (15 DIAS CORRIDOS) - PORTARIA Nº 2.791, DE 08 DE DEZEMBRO DE 2010 9 10 11 12 13 14 15 25 E 26 - RETORNO ÀS ATIVIDADES / PLANEJAMENTO PEDAGÓGICO E REUNIÕES ADMINISTRATIVAS 16 17 18 19 20 21 22 27 - INÍCIO DO 3º BIMESTRE 23 24 25 26 27 28 29 30 31 DIAS 1 0 0 1 1 0 ACUMULADO 1 0 0 1 1 0 DIAS LETIVOS NO MÊS 3 DIAS LETIVOS ACUMULADOS NO SEMESTRE 3 DIAS LETIVOS ACUMULADOS NO ANO 107 ATIVIDADES / EVENTOS",1,1,0,0,0,3
2023-01-06,"PRIMEIRO SEMESTRE 1 09 - REVOLUÇÃO /MOVIMENTO CONSTITUCIONALISTA DE 1932 - LEI ESTADUAL Nº 9.497, DE 05/03/1997 (FERIADO ESTADUAL) 2 3 4 5 6 7 8 10 A 24 - FÉRIAS DOCENTES E DISCENTES (15 DIAS CORRIDOS) - PORTARIA Nº 2.791, DE 08 DE DEZEMBRO DE 2010 9 10 11 12 13 14 15 25 E 26 - RETORNO ÀS ATIVIDADES / PLANEJAMENTO PEDAGÓGICO E REUNIÕES ADMINISTRATIVAS 16 17 18 19 20 21 22 27 - INÍCIO DO 3º BIMESTRE 23 24 25 26 27 28 29 30 31 DIAS 1 0 0 1 1 0 ACUMULADO 1 0 0 1 1 0 DIAS LETIVOS NO MÊS 3 DIAS LETIVOS ACUMULADOS NO SEMESTRE 3 DIAS LETIVOS ACUMULADOS NO ANO 107 ATIVIDADES / EVENTOS",1,1,0,0,0,3
2023-01-07,"PRIMEIRO SEMESTRE 1 09 - REVOLUÇÃO /MOVIMENTO CONSTITUCIONALISTA DE 1932 - LEI ESTADUAL Nº 9.497, DE 05/03/1997 (FERIADO ESTADUAL) 2 3 4 5 6 7 8 10 A 24 - FÉRIAS DOCENTES E DISCENTES (15 DIAS CORRIDOS) - PORTARIA Nº 2.791, DE 08 DE DEZEMBRO DE 2010 9 10 11 12 13 14 15 25 E 26 - RETORNO ÀS ATIVIDADES / PLANEJAMENTO PEDAGÓGICO E REUNIÕES ADMINISTRATIVAS 16 17 18 19 20 21 22 27 - INÍCIO DO 3º BIMESTRE 23 24 25 26 27 28 29 30 31 DIAS 1 0 0 1 1 0 ACUMULADO 1 0 0 1 1 0 DIAS LETIVOS NO MÊS 3 DIAS LETIVOS ACUMULADOS NO SEMESTRE 3 DIAS LETIVOS ACUMULADOS NO ANO 107 ATIVIDADES / EVENTOS",1,0,0,0,0,3
2023-01-08,DOMINGO,0,0,0,0,0,3
2023-01-09,DIA LETIVO PADRAO,0,0,0,1,0,3
2023-01-10,DIA LETIVO PADRAO,0,0,0,1,0,3
2023-01-11,DIA LETIVO PADRAO,0,0,0,1,0,3
2023-01-12,DIA LETIVO PADRAO,0,0,0,1,0,3
2023-01-13,DIA LETIVO PADRAO,0,0,0,1,0,3
2023-01-14,SABADO,0,0,0,0,0,3
2023-01-15,DOMINGO,0,0,0,0,0,3
2023-01-16,DIA LETIVO PADRAO,0,0,0,1,0,3
2023-01-17,DIA LETIVO PADRAO,0,0,0,1,0,3
2023-01-18,DIA LETIVO PADRAO,0,0,0,1,0,3
2023-01-19,DIA LETIVO PADRAO,0,0,0,1,0,3
2023-01-20,DIA LETIVO PADRAO,0,0,0,1,0,3
2023-01-21,SABADO,0,0,0,0,0,3
2023-01-22,DOMINGO,0,0,0,0,0,3
2023-01-23,DIA LETIVO PADRAO,0,0,0,1,0,3
2023-01-24,DIA LETIVO PADRAO,0,0,0,1,0,3
2023-01-25,DIA LETIVO PADRAO,0,0,0,1,0,3
2023-01-26,DIA LETIVO PADRAO,0,0,0,1,0,3
2023-01-27,DIA LETIVO PADRAO,0,0,0,1,0,3
2023-01-28,SABADO,0,0,0,0,0,3
2023-01-29,DOMINGO,0,0,0,0,0,3
2023-01-30,DIA LETIVO PADRAO,0,0,0,1,0,3
2023-01-31,DIA LETIVO PADRAO,0,0,0,1,0,3
2023-02-01,"REUNIÃO COM AS FAMÍLIAS 1 2 3 4 5 18 - PRAZO MÁXIMO PARA CANCELAMENTO DE MATRÍCULA DAS DISCIPLINAS OPTATIVAS NO 2º SEM. (LIBRAS E ESPANHOL) 6 7 8 9 10 11 12 26 - SÁBADO LETIVO - ATIVIDADES PEDAGÓGICAS PROGRAMADAS/ REPOSIÇÃO DE AULAS DE 6ª FEIRA 13 14 15 16 17 18 19 30 - REUNIÃO COM A EQUIPE DE FORMAÇÃO DO CAMPUS 20 21 22 23 24 25 26 27 28 29 30 31 DIAS 4 5 5 5 4 1 ACUMULADO 5 5 5 6 5 1 DIAS LETIVOS NO MÊS 24 DIAS LETIVOS ACUMULADOS NO SEMESTRE 27 DIAS LETIVOS ACUMULADOS NO ANO 131 ATIVIDADES / EVENTOS",0,0,1,1,0,3
2023-02-02,DIA LETIVO PADRAO,0,0,0,1,0,3
2023-02-03,DIA LETIVO PADRAO,0,0,0,1,0,3
2023-02-04,SABADO,0,0,0,0,0,3
2023-02-05,DOMINGO,0,0,0,0,0,3
2023-02-06,DIA LETIVO PADRAO,0,0,0,1,0,3
2023-02-07,DIA LETIVO PADRAO,0,0,0,1,0,3
2023-02-08,DIA LETIVO PADRAO,0,0,0,1,0,3
2023-02-09,DIA LETIVO PADRAO,0,0,0,1,0,3
2023-02-10,DIA LETIVO PADRAO,0,0,0,1,0,3
2023-02-11,SABADO,0,0,0,0,0,3
2023-02-12,DOMINGO,0,0,0,0,0,3
2023-02-13,DIA LETIVO PADRAO,0,0,0,1,0,3
2023-02-14,DIA LETIVO PADRAO,0,0,0,1,0,3
2023-02-15,DIA LETIVO PADRAO,0,0,0,1,0,3
2023-02-16,DIA LETIVO PADRAO,0,0,0,1,0,3
2023-02-17,DIA LETIVO PADRAO,0,0,0,1,0,3
2023-02-18,SABADO,0,0,0,0,0,3
2023-02-19,DOMINGO,0,0,0,0,0,3
2023-02-20,DIA LETIVO PADRAO,0,0,0,1,0,3
2023-02-21,DIA LETIVO PADRAO,0,0,0,1,0,3
2023-02-22,DIA LETIVO PADRAO,0,0,0,1,0,3
2023-02-23,DIA LETIVO PADRAO,0,0,0,1,0,3
2023-02-24,DIA LETIVO PADRAO,0,0,0,1,0,3
2023-02-25,SABADO,0,0,0,0,0,3
2023-02-26,DOMINGO,0,0,0,0,0,3
2023-02-27,DIA LETIVO PADRAO,0,0,0,1,0,3
2023-02-28,DIA LETIVO PADRAO,0,0,0,1,0,3
2023-03-01,DIA LETIVO PADRAO,0,0,0,1,0,3
2023-03-02,DIA LETIVO PADRAO,0,0,0,1,0,3
2023-03-03,DIA LETIVO PADRAO,0,0,0,1,0,3
2023-03-04,SABADO,0,0,0,0,0,3
2023-03-05,DOMINGO,0,0,0,0,0,3
2023-03-06,DIA LETIVO PADRAO,0,1,0,1,0,3
2023-03-07,"INDEPENDÊNCIA DO BRASIL - LEI FEDERAL Nº 10.607, DE 19/12/2002 (FERIADO FEDERAL) 1 2 08– ANIVERSÁRIO DE ITAQUAQUECETUBA - (FERIADO MUNICIPAL) 3 4 5 6 7 8 9 22 - ATIVIDADES ALUSIVAS AO ANIVERSÁRIO DO IFSP 10 11 12 13 14 15 16 23 - SÁBADO LETIVO - ATIVIDADES PEDAGÓGICAS PROGRAMADAS/ REPOSIÇÃO DE AULAS DE 6ª FEIRA 17 18 19 20 21 22 23 27 - REUNIÃO COM A EQUIPE DE FORMAÇÃO DO CAMPUS 24 25 26 27 28 29 30 DIAS 4 4 4 3 4 1 ACUMULADO 9 9 9 9 9 2 DIAS LETIVOS NO MÊS 20 DIAS LETIVOS ACUMULADOS NO SEMESTRE 47 DIAS LETIVOS ACUMULADOS NO ANO 151 ATIVIDADES / EVENTOS",1,0,0,0,0,3
2023-03-08,DIA LETIVO PADRAO,0,0,0,1,0,3
2023-03-09,DIA LETIVO PADRAO,0,0,0,1,0,3
2023-03-10,DIA LETIVO PADRAO,0,0,0,1,0,3
2023-03-11,SABADO,0,0,0,0,0,3
2023-03-12,DOMINGO,0,0,0,0,0,3
2023-03-13,DIA LETIVO PADRAO,0,0,0,1,0,3
2023-03-14,DIA LETIVO PADRAO,0,0,0,1,0,3
2023-03-15,DIA LETIVO PADRAO,0,0,0,1,0,3
2023-03-16,DIA LETIVO PADRAO,0,0,0,1,0,3
2023-03-17,DIA LETIVO PADRAO,0,0,0,1,0,3
2023-03-18,SABADO,0,0,0,0,0,3
2023-03-19,DOMINGO,0,0,0,0,0,3
2023-03-20,DIA LETIVO PADRAO,0,0,0,1,0,3
2023-03-21,DIA LETIVO PADRAO,0,0,0,1,0,3
2023-03-22,DIA LETIVO PADRAO,0,0,0,1,0,3
2023-03-23,DIA LETIVO PADRAO,0,0,0,1,0,3
2023-03-24,DIA LETIVO PADRAO,0,0,0,1,0,3
2023-03-25,SABADO,0,0,0,0,0,3
2023-03-26,DOMINGO,0,0,0,0,0,3
2023-03-27,DIA LETIVO PADRAO,0,0,0,1,0,3
2023-03-28,DIA LETIVO PADRAO,0,0,0,1,0,3
2023-03-29,DIA LETIVO PADRAO,0,0,0,1,0,3
2023-03-30,DIA LETIVO PADRAO,0,0,0,1,0,3
2023-03-31,DIA LETIVO PADRAO,0,0,0,1,0,3
2023-04-01,SABADO,0,0,0,0,0,3
2023-04-02,DOMINGO,0,0,0,0,0,3
2023-04-03,DIA LETIVO PADRAO,0,1,0,1,0,3
2023-04-04,"ENCERRAMENTO DO 3º BIMESTRE E PRAZO FINAL PARA REGISTRO DAS NOTAS E ENTREGA DOS DIÁRIOS NO SISTEMA ACADÊMICO 1 2 3 4 5 6 7 10 E 11 - CONSELHOS DE CLASSE - 3° BIMESTRE 8 9 10 11 12 13 14 12 - NOSSA SENHORA APARECIDA - LEI FEDERAL Nº 6.802, DE 30/06/1980 (FERIADO FEDERAL) 15 16 17 18 19 20 21 13 - RECESSO ACADÊMICO 22 23 24 25 26 27 28 15 - DIA DO PROFESSOR – DECRETO FEDERAL Nº 52.682, DE 14/10/1963 29 30 31 16 A 18 - SEMANA NACIONAL DE CIÊNCIA E TECNOLOGIA (PREVISÃO DE ATIVIDADES)",1,0,1,0,1,3
2023-04-05,DIA LETIVO PADRAO,0,0,0,1,0,1
2023-04-06,DIA LETIVO PADRAO,0,0,0,1,0,1
2023-04-07,DIA LETIVO PADRAO,0,0,0,1,0,1
2023-04-08,SABADO,0,0,0,0,0,1
2023-04-09,DOMINGO,0,0,0,0,0,1
2023-04-10,DIA LETIVO PADRAO,0,0,0,1,0,1
2023-04-11,DIA LETIVO PADRAO,0,0,0,1,0,1
2023-04-12,DIA LETIVO PADRAO,0,0,0,1,0,1
2023-04-13,DIA LETIVO PADRAO,0,0,0,1,0,1
2023-04-14,DIA LETIVO PADRAO,0,0,0,1,0,1
2023-04-15,SABADO,0,0,0,0,0,1
2023-04-16,DOMINGO,0,0,0,0,0,1
2023-04-17,DIA LETIVO PADRAO,0,0,0,1,0,1
2023-04-18,DIA LETIVO PADRAO,0,1,0,1,0,1
2023-04-19,"EVENTO ""CAMPUS DE PORTAS ABERTAS"" DIAS 5 5 4 3 3 1 21 - SÁBADO LETIVO - ATIVIDADES PEDAGÓGICAS PROGRAMADAS/ REPOSIÇÃO DE AULAS DE 6ª FEIRA ACUMULADO 14 14 13 12 12 3 25 - REUNIÃO COM A EQUIPE DE FORMAÇÃO DO CAMPUS DIAS LETIVOS NO MÊS 21 26 - REUNIÃO COM AS FAMÍLIAS DIAS LETIVOS ACUMULADOS NO SEMESTRE 68 28 - DIA DO SERVIDOR PÚBLICO – ART. 236 DA LEI Nº 8.112, DE 11/12/1990 / (FERIADO FEDERAL / PONTO FACULTATIVO) DIAS LETIVOS ACUMULADOS NO ANO 172 ATIVIDADES / EVENTOS",1,0,1,0,0,1
2023-04-20,DIA LETIVO PADRAO,0,0,0,1,0,1
2023-04-21,DIA LETIVO PADRAO,0,0,0,1,0,0
2023-04-22,SABADO,0,0,0,0,0,2
2023-04-23,DOMINGO,0,0,0,0,0,2
2023-04-24,DIA LETIVO PADRAO,0,0,0,1,0,2
2023-04-25,DIA LETIVO PADRAO,0,0,0,1,0,2
2023-04-26,DIA LETIVO PADRAO,0,0,0,1,0,2
2023-04-27,DIA LETIVO PADRAO,0,0,0,1,0,2
2023-04-28,DIA LETIVO PADRAO,0,0,0,1,0,2
2023-04-29,SABADO,0,0,0,0,0,2
2023-04-30,DOMINGO,0,0,0,0,0,2
2023-05-01,DIA LETIVO PADRAO,0,1,0,1,0,2
2023-05-02,"FINADOS - LEI FEDERAL Nº 10.607, DE 19/12/2002 (FERIADO FEDERAL) 1 2 3 4 03 - RECESSO 5 6 7 8 9 10 11 11 - SÁBADO LETIVO - ATIVIDADES PEDAGÓGICAS PROGRAMADAS/ REPOSIÇÃO DE AULAS DE 5ª FEIRA 12 13 14 15 16 17 18 15 - PROCLAMAÇÃO DA REPÚBLICA- LEI FEDERAL Nº 10.607, DE 19/12/2002 (FERIADO FEDERAL) 19 20 21 22 23 24 25 20 - DIA NACIONAL DA CONSCIÊNCIA NEGRA (QUANDO COMPREENDER FERIADO NO MUNICÍPIO) 26 27 28 29 30 21 A 24 - SEMANA DA CONSCIÊNCIA NEGRA (PREVISÃO DE ATIVIDADES)",1,0,0,0,1,2
2023-05-03,DIA LETIVO PADRAO,0,0,0,1,0,2
2023-05-04,DIA LETIVO PADRAO,0,0,0,1,0,2
2023-05-05,DIA LETIVO PADRAO,0,0,0,1,0,2
2023-05-06,SABADO,0,0,0,0,0,2
2023-05-07,DOMINGO,0,0,0,0,0,2
2023-05-08,DIA LETIVO PADRAO,0,0,0,1,0,2
2023-05-09,DIA LETIVO PADRAO,0,0,0,1,0,2
2023-05-10,DIA LETIVO PADRAO,0,0,0,1,0,2
2023-05-11,DIA LETIVO PADRAO,0,0,0,1,0,2
2023-05-12,DIA LETIVO PADRAO,0,0,0,1,0,2
2023-05-13,SABADO,0,0,0,0,0,2
2023-05-14,DOMINGO,0,0,0,0,0,2
2023-05-15,DIA LETIVO PADRAO,0,0,0,1,0,2
2023-05-16,DIA LETIVO PADRAO,0,0,0,1,0,2
2023-05-17,DIA LETIVO PADRAO,0,0,0,1,0,2
2023-05-18,DIA LETIVO PADRAO,0,0,0,1,0,2
2023-05-19,DIA LETIVO PADRAO,0,0,0,1,0,2
2023-05-20,SABADO,0,0,0,0,0,2
2023-05-21,DOMINGO,0,0,0,0,0,2
2023-05-22,DIA LETIVO PADRAO,0,0,0,1,0,2
2023-05-23,DIA LETIVO PADRAO,0,0,0,1,0,2
2023-05-24,DIA LETIVO PADRAO,0,0,0,1,0,2
2023-05-25,DIA LETIVO PADRAO,0,0,0,1,0,2
2023-05-26,DIA LETIVO PADRAO,0,0,0,1,0,2
2023-05-27,SABADO,0,0,0,0,0,2
2023-05-28,DOMINGO,0,0,0,0,0,2
2023-05-29,"REUNIÃO COM A EQUIPE DE FORMAÇÃO DO CAMPUS DIAS 3 4 4 4 3 1 ACUMULADO 17 18 17 16 15 4 DIAS LETIVOS NO MÊS 19 DIAS LETIVOS ACUMULADOS NO SEMESTRE 87 DIAS LETIVOS ACUMULADOS NO ANO 191 ATIVIDADES / EVENTOS",0,0,0,1,0,2
2023-05-30,DIA LETIVO PADRAO,0,0,0,1,0,2
2023-05-31,SEMANA DA CULTURA E DA DIVERSIDADE (PREVISÃO DE ATIVIDADES) / SEMANA DA CULTURA E DA DIVERSIDADE (PREVISÃO DE ATIVIDADES)/ 03,0,0,0,1,1,2
2023-06-01,SEMANA DA CULTURA E DA DIVERSIDADE (PREVISÃO DE ATIVIDADES) / SEMANA DA CULTURA E DA DIVERSIDADE (PREVISÃO DE ATIVIDADES)/ 03,0,0,0,1,1,2
2023-06-02,SEMANA DA CULTURA E DA DIVERSIDADE (PREVISÃO DE ATIVIDADES) / SEMANA DA CULTURA E DA DIVERSIDADE (PREVISÃO DE ATIVIDADES)/ 03,0,0,0,1,1,2
2023-06-03,SEMANA DA CULTURA E DA DIVERSIDADE (PREVISÃO DE ATIVIDADES) / SEMANA DA CULTURA E DA DIVERSIDADE (PREVISÃO DE ATIVIDADES)/ 03,0,0,0,0,1,2
2023-06-04,DOMINGO,0,0,0,0,0,2
2023-06-05,DIA LETIVO PADRAO,0,0,0,1,0,2
2023-06-06,DIA LETIVO PADRAO,0,0,0,1,0,2
2023-06-07,DIA LETIVO PADRAO,0,0,0,1,0,2
2023-06-08,DIA LETIVO PADRAO,0,0,0,1,0,2
2023-06-09,DIA LETIVO PADRAO,0,0,0,1,0,2
2023-06-10,SABADO,0,0,0,0,0,2
2023-06-11,DOMINGO,0,0,0,0,0,2
2023-06-12,DIA LETIVO PADRAO,0,1,0,1,0,2
2023-06-13,"ENCERRAMENTO DO 4º BIMESTRE E ANO LETIVO/ PRAZO MÁXIMO PARA A ENTREGA DAS NOTAS E DIÁRIOS 1 2 14 A 18 - PERÍODO RESERVADO PARA REAVALIAÇÃO 3 4 5 6 7 8 9 15 - PRAZO FINAL PARA REGISTRO DAS NOTAS E ENTREGA DOS DIÁRIOS NO SISTEMA ACADÊMICO APÓS AS REAVALIAÇÕES 10 11 12 13 14 15 16 21 E 22 - PERÍODO RESERVADO PARA CONSELHOS DE CLASSE DELIBERATIVOS 17 18 19 20 21 22 23 25 - NATAL - LEI FEDERAL Nº 10.607, DE 19/12/2002 (FERIADO FEDERAL) 24 25 26 27 28 29 30 23 A 31 - RECESSO ESCOLAR E ADMINISTRATIVO 31 DIAS 2 2 2 1 2 0 ACUMULADO 19 20 19 17 17 4 DIAS LETIVOS NO MÊS 9 DIAS LETIVOS ACUMULADOS NO SEMESTRE 96 DIAS LETIVOS ACUMULADOS NO ANO 200",1,0,1,0,0,2
2023-06-14,DIA LETIVO PADRAO,0,0,0,1,0,2
2023-06-15,DIA LETIVO PADRAO,0,0,0,1,0,2
2023-06-16,DIA LETIVO PADRAO,0,0,0,1,0,2
2023-06-17,SABADO,0,0,0,0,0,2
2023-06-18,DOMINGO,0,0,0,0,0,2
2023-06-19,DIA LETIVO PADRAO,0,0,0,1,0,2
2023-06-20,DIA LETIVO PADRAO,0,0,0,1,0,2
2023-06-21,DIA LETIVO PADRAO,0,0,0,1,0,2
2023-06-22,DIA LETIVO PADRAO,0,0,0,1,0,2
2023-06-23,DIA LETIVO PADRAO,0,0,0,1,0,2
2023-06-24,SABADO,0,0,0,0,0,2
2023-06-25,DOMINGO,0,0,0,0,0,2
2023-06-26,DIA LETIVO PADRAO,0,0,0,1,0,2
2023-06-27,DIA LETIVO PADRAO,0,0,0,1,0,2
2023-06-28,DIA LETIVO PADRAO,0,0,0,1,0,2
2023-06-29,DIA LETIVO PADRAO,0,0,0,1,0,2
2023-06-30,DIA LETIVO PADRAO,0,0,0,1,0,2
2023-07-01,SABADO,0,0,0,0,0,2
2023-07-02,DOMINGO,0,0,0,0,0,2
2023-07-03,DIA LETIVO PADRAO,0,0,0,1,0,2
2023-07-04,DIA LETIVO PADRAO,0,0,0,1,0,2
2023-07-05,DIA LETIVO PADRAO,0,0,0,1,0,2
2023-07-06,DIA LETIVO PADRAO,0,0,0,1,0,2
2023-07-07,DIA LETIVO PADRAO,0,0,0,1,0,2
2023-07-08,SABADO,0,0,0,0,0,2
2023-07-09,DOMINGO,0,0,0,0,0,0
2023-07-10,DIA LETIVO PADRAO,0,0,0,1,0,0
2023-07-11,DIA LETIVO PADRAO,0,0,0,1,0,0
2023-07-12,DIA LETIVO PADRAO,0,0,0,1,0,0
2023-07-13,DIA LETIVO PADRAO,0,0,0,1,0,0
2023-07-14,DIA LETIVO PADRAO,0,0,0,1,0,0
2023-07-15,SABADO,0,0,0,0,0,0
2023-07-16,DOMINGO,0,0,0,0,0,0
2023-07-17,DIA LETIVO PADRAO,0,0,0,1,0,0
2023-07-18,DIA LETIVO PADRAO,0,0,0,1,0,0
2023-07-19,DIA LETIVO PADRAO,0,0,0,1,0,0
2023-07-20,DIA LETIVO PADRAO,0,0,0,1,0,0
2023-07-21,DIA LETIVO PADRAO,0,0,0,1,0,0
2023-07-22,SABADO,0,0,0,0,0,0
2023-07-23,DOMINGO,0,0,0,0,0,0
2023-07-24,DIA LETIVO PADRAO,0,0,0,1,0,0
2023-07-25,DIA LETIVO PADRAO,0,0,0,1,0,0
2023-07-26,DIA LETIVO PADRAO,0,0,0,1,0,0
2023-07-27,DIA LETIVO PADRAO,0,0,0,1,0,0
2023-07-28,DIA LETIVO PADRAO,0,0,0,1,0,0
2023-07-29,SABADO,0,0,0,0,0,0
2023-07-30,DOMINGO,0,0,0,0,0,0
2023-07-31,DIA LETIVO PADRAO,0,0,0,1,0,0
2023-08-01,DIA LETIVO PADRAO,0,0,0,1,0,0
2023-08-02,DIA LETIVO PADRAO,0,0,0,1,0,0
2023-08-03,DIA LETIVO PADRAO,0,0,0,1,0,0
2023-08-04,DIA LETIVO PADRAO,0,0,0,1,0,0
2023-08-05,SABADO,0,0,0,0,0,0
2023-08-06,DOMINGO,0,0,0,0,0,0
2023-08-07,DIA LETIVO PADRAO,0,0,0,1,0,0
2023-08-08,DIA LETIVO PADRAO,0,0,0,1,0,0
2023-08-09,DIA LETIVO PADRAO,0,0,0,1,0,0
2023-08-10,DIA LETIVO PADRAO,0,0,0,1,0,0
2023-08-11,DIA LETIVO PADRAO,0,0,0,1,0,0
2023-08-12,SABADO,0,0,0,0,0,0
2023-08-13,DOMINGO,0,0,0,0,0,0
2023-08-14,DIA LETIVO PADRAO,0,0,0,1,0,0
2023-08-15,DIA LETIVO PADRAO,0,0,0,1,0,0
2023-08-16,DIA LETIVO PADRAO,0,0,0,1,0,0
2023-08-17,DIA LETIVO PADRAO,0,0,0,1,0,0
2023-08-18,DIA LETIVO PADRAO,0,0,0,1,0,0
2023-08-19,SABADO,0,0,0,0,0,0
2023-08-20,DOMINGO,0,0,0,0,0,0
2023-08-21,DIA LETIVO PADRAO,0,0,0,1,0,0
2023-08-22,DIA LETIVO PADRAO,0,0,0,1,0,0
2023-08-23,DIA LETIVO PADRAO,0,0,0,1,0,0
2023-08-24,DIA LETIVO PADRAO,0,0,0,1,0,0
2023-08-25,DIA LETIVO PADRAO,0,0,0,1,0,0
2023-08-26,SABADO,0,0,0,0,0,0
2023-08-27,DOMINGO,0,0,0,0,0,0
2023-08-28,DIA LETIVO PADRAO,0,0,0,1,0,0
2023-08-29,DIA LETIVO PADRAO,0,0,0,1,0,0
2023-08-30,DIA LETIVO PADRAO,0,0,0,1,0,0
2023-08-31,DIA LETIVO PADRAO,0,0,0,1,0,0
2023-09-01,DIA LETIVO PADRAO,0,0,0,1,0,0
2023-09-02,SABADO,0,0,0,0,0,0
2023-09-03,DOMINGO,0,0,0,0,0,0
2023-09-04,DIA LETIVO PADRAO,0,0,0,1,0,0
2023-09-05,DIA LETIVO PADRAO,0,0,0,1,0,0
2023-09-06,DIA LETIVO PADRAO,0,0,0,1,0,0
2023-09-07,DIA LETIVO PADRAO,0,0,0,1,0,0
2023-09-08,DIA LETIVO PADRAO,0,0,0,1,0,0
2023-09-09,SABADO,0,0,0,0,0,0
2023-09-10,DOMINGO,0,0,0,0,0,0
2023-09-11,DIA LETIVO PADRAO,0,0,0,1,0,0
2023-09-12,DIA LETIVO PADRAO,0,0,0,1,0,0
2023-09-13,DIA LETIVO PADRAO,0,0,0,1,0,0
2023-09-14,DIA LETIVO PADRAO,0,0,0,1,0,0
2023-09-15,DIA LETIVO PADRAO,0,0,0,1,0,0
2023-09-16,SABADO,0,0,0,0,0,0
2023-09-17,DOMINGO,0,0,0,0,0,0
2023-09-18,DIA LETIVO PADRAO,0,0,0,1,0,0
2023-09-19,DIA LETIVO PADRAO,0,0,0,1,0,0
2023-09-20,DIA LETIVO PADRAO,0,0,0,1,0,0
2023-09-21,DIA LETIVO PADRAO,0,0,0,1,0,0
2023-09-22,DIA LETIVO PADRAO,0,0,0,1,0,0
2023-09-23,SABADO,0,0,0,0,0,0
2023-09-24,DOMINGO,0,0,0,0,0,0
2023-09-25,DIA LETIVO PADRAO,0,0,0,1,0,0
2023-09-26,DIA LETIVO PADRAO,0,0,0,1,0,0
2023-09-27,DIA LETIVO PADRAO,0,0,0,1,0,0
2023-09-28,DIA LETIVO PADRAO,0,0,0,1,0,0
2023-09-29,DIA LETIVO PADRAO,0,0,0,1,0,0
2023-09-30,SABADO,0,0,0,0,0,0
2023-10-01,DOMINGO,0,0,0,0,0,0
2023-10-02,DIA LETIVO PADRAO,0,0,0,1,0,0
2023-10-03,DIA LETIVO PADRAO,0,0,0,1,0,0
2023-10-04,DIA LETIVO PADRAO,0,0,0,1,0,0
2023-10-05,DIA LETIVO PADRAO,0,0,0,1,0,0
2023-10-06,DIA LETIVO PADRAO,0,0,0,1,0,4
2023-10-07,SABADO,0,0,0,0,0,4
2023-10-08,DOMINGO,0,0,0,0,0,4
2023-10-09,DIA LETIVO PADRAO,0,0,0,1,0,4
2023-10-10,DIA LETIVO PADRAO,0,0,0,1,0,4
2023-10-11,DIA LETIVO PADRAO,0,0,0,1,0,4
2023-10-12,DIA LETIVO PADRAO,0,0,0,1,0,4
2023-10-13,DIA LETIVO PADRAO,0,0,0,1,0,4
2023-10-14,SABADO,0,0,0,0,0,4
2023-10-15,DOMINGO,0,0,0,0,0,4
2023-10-16,DIA LETIVO PADRAO,0,0,0,1,0,4
2023-10-17,DIA LETIVO PADRAO,0,0,0,1,0,4
2023-10-18,DIA LETIVO PADRAO,0,0,0,1,0,4
2023-10-19,DIA LETIVO PADRAO,0,0,0,1,0,4
2023-10-20,DIA LETIVO PADRAO,0,0,0,1,0,4
2023-10-21,SABADO,0,0,0,0,0,4
2023-10-22,DOMINGO,0,0,0,0,0,4
2023-10-23,DIA LETIVO PADRAO,0,0,0,1,0,4
2023-10-24,DIA LETIVO PADRAO,0,0,0,1,0,4
2023-10-25,DIA LETIVO PADRAO,0,0,0,1,0,4
2023-10-26,DIA LETIVO PADRAO,0,0,0,1,0,4
2023-10-27,DIA LETIVO PADRAO,0,0,0,1,0,4
2023-10-28,SABADO,0,0,0,0,0,4
2023-10-29,DOMINGO,0,0,0,0,0,4
2023-10-30,DIA LETIVO PADRAO,0,0,0,1,0,4
2023-10-31,DIA LETIVO PADRAO,0,0,0,1,0,4
2023-11-01,DIA LETIVO PADRAO,0,0,0,1,0,4
2023-11-02,DIA LETIVO PADRAO,0,0,0,1,0,4
2023-11-03,DIA LETIVO PADRAO,0,0,0,1,0,4
2023-11-04,SABADO,0,0,0,0,0,4
2023-11-05,DOMINGO,0,0,0,0,0,4
2023-11-06,DIA LETIVO PADRAO,0,0,0,1,0,4
2023-11-07,DIA LETIVO PADRAO,0,0,0,1,0,4
2023-11-08,DIA LETIVO PADRAO,0,0,0,1,0,4
2023-11-09,DIA LETIVO PADRAO,0,0,0,1,0,4
2023-11-10,DIA LETIVO PADRAO,0,0,0,1,0,4
2023-11-11,SABADO,0,0,0,0,0,4
2023-11-12,DOMINGO,0,0,0,0,0,4
2023-11-13,DIA LETIVO PADRAO,0,0,0,1,0,4
2023-11-14,DIA LETIVO PADRAO,0,0,0,1,0,4
2023-11-15,DIA LETIVO PADRAO,0,0,0,1,0,4
2023-11-16,DIA LETIVO PADRAO,0,0,0,1,0,4
2023-11-17,DIA LETIVO PADRAO,0,0,0,1,0,4
2023-11-18,SABADO,0,0,0,0,0,4
2023-11-19,DOMINGO,0,0,0,0,0,4
2023-11-20,DIA LETIVO PADRAO,0,0,0,1,0,4
2023-11-21,DIA LETIVO PADRAO,0,0,0,1,0,4
2023-11-22,DIA LETIVO PADRAO,0,0,0,1,0,4
2023-11-23,DIA LETIVO PADRAO,0,0,0,1,0,4
2023-11-24,DIA LETIVO PADRAO,0,0,0,1,0,4
2023-11-25,SABADO,0,0,0,0,0,4
2023-11-26,DOMINGO,0,0,0,0,0,4
2023-11-27,DIA LETIVO PADRAO,0,0,0,1,0,4
2023-11-28,DIA LETIVO PADRAO,0,0,0,1,0,4
2023-11-29,DIA LETIVO PADRAO,0,0,0,1,0,4
2023-11-30,DIA LETIVO PADRAO,0,0,0,1,0,4
2023-12-01,DIA LETIVO PADRAO,0,0,0,1,0,4
2023-12-02,SABADO,0,0,0,0,0,4
2023-12-03,DOMINGO,0,0,0,0,0,4
2023-12-04,DIA LETIVO PADRAO,0,0,0,1,0,4
2023-12-05,DIA LETIVO PADRAO,0,0,0,1,0,4
2023-12-06,DIA LETIVO PADRAO,0,0,0,1,0,4
2023-12-07,DIA LETIVO PADRAO,0,0,0,1,0,4
2023-12-08,DIA LETIVO PADRAO,0,0,0,1,0,4
2023-12-09,SABADO,0,0,0,0,0,4
2023-12-10,DOMINGO,0,0,0,0,0,4
2023-12-11,DIA LETIVO PADRAO,0,0,0,1,0,4
2023-12-12,DIA LETIVO PADRAO,0,0,0,1,0,4
2023-12-13,DIA LETIVO PADRAO,0,0,0,1,0,4
2023-12-14,DIA LETIVO PADRAO,0,0,0,1,0,4
2023-12-15,DIA LETIVO PADRAO,0,0,0,1,0,4
2023-12-16,SABADO,0,0,0,0,0,0
2023-12-17,DOMINGO,0,0,0,0,0,0
2023-12-18,DIA LETIVO PADRAO,0,0,0,1,0,0
2023-12-19,DIA LETIVO PADRAO,0,0,0,1,0,0
2023-12-20,DIA LETIVO PADRAO,0,0,0,1,0,0
2023-12-21,DIA LETIVO PADRAO,0,0,0,1,0,0
2023-12-22,DIA LETIVO PADRAO,0,0,0,1,0,0
2023-12-23,SABADO,0,0,0,0,0,0
2023-12-24,DOMINGO,0,0,0,0,0,0
2023-12-25,DIA LETIVO PADRAO,0,0,0,1,0,0
2023-12-26,DIA LETIVO PADRAO,0,0,0,1,0,0
2023-12-27,DIA LETIVO PADRAO,0,0,0,1,0,0
2023-12-28,DIA LETIVO PADRAO,0,0,0,1,0,0
2023-12-29,DIA LETIVO PADRAO,0,0,0,1,0,0
2023-12-30,SABADO,0,0,0,0,0,0
2023-12-31,DOMINGO,0,0,0,0,0,0
2024-01-01,DIA LETIVO PADRAO,0,0,0,0,0,0
2024-01-02,DIA LETIVO PADRAO,0,0,0,0,0,0
2024-01-03,DIA LETIVO PADRAO,0,0,0,0,0,0
2024-01-04,DIA LETIVO PADRAO,0,0,0,0,0,0
2024-01-05,DIA LETIVO PADRAO,0,0,0,0,0,0
2024-01-06,SABADO,0,0,0,0,0,0
2024-01-07,DOMINGO,0,1,0,0,0,0
2024-01-08,"RECESSO 1 2 3 4 5 6 09 – REVOLUÇÃO /MOVIMENTO CONSTITUCIONALISTA DE 1932 – LEI ESTADUAL Nº 9.497, DE 05/03/1997 (FERIADO ESTADUAL) 7 8 9 10 11 12 13 10 A 24 – FÉRIAS DOCENTES E DISCENTES (15 DIAS CORRIDOS) – PORTARIA Nº 2.791, DE 08 DE DEZEMBRO DE 2010 14 15 16 17 18 19 20 25 - REPLANEJAMENTO 21 22 23 24 25 26 27 26 E 29 - CSP - CONSELHO DE CLASSE CONSULTIVO DO 2º BIMESTRE 28 29 30 31 DIAS 1 1 1 0 1 0 ACUMULADO 1 1 1 0 1 0 DIAS LETIVOS NO MÊS 4 DIAS LETIVOS ACUMULADOS NO SEMESTRE 4 DIAS LETIVOS ACUMULADOS NO ANO 107 ATIVIDADES / EVENTOS",1,0,1,0,0,0
2024-01-09,DIA LETIVO PADRAO,0,0,0,0,0,0
2024-01-10,DIA LETIVO PADRAO,0,0,0,0,0,0
2024-01-11,DIA LETIVO PADRAO,0,0,0,0,0,0
2024-01-12,DIA LETIVO PADRAO,0,0,0,0,0,0
2024-01-13,SABADO,0,0,0,0,0,0
2024-01-14,DOMINGO,0,0,0,0,0,0
2024-01-15,DIA LETIVO PADRAO,0,0,0,0,0,0
2024-01-16,DIA LETIVO PADRAO,0,0,0,0,0,0
2024-01-17,DIA LETIVO PADRAO,0,0,0,0,0,0
2024-01-18,DIA LETIVO PADRAO,0,0,0,0,0,0
2024-01-19,DIA LETIVO PADRAO,0,0,0,0,0,0
2024-01-20,SABADO,0,0,0,0,0,0
2024-01-21,DOMINGO,0,0,0,0,0,0
2024-01-22,DIA LETIVO PADRAO,0,0,0,0,0,0
2024-01-23,DIA LETIVO PADRAO,0,0,0,0,0,0
2024-01-24,DIA LETIVO PADRAO,0,0,0,0,0,0
2024-01-25,DIA LETIVO PADRAO,0,0,0,0,0,0
2024-01-26,DIA LETIVO PADRAO,0,0,0,0,0,0
2024-01-27,SABADO,0,0,0,0,0,0
2024-01-28,DOMINGO,0,0,0,0,0,0
2024-01-29,DIA LETIVO PADRAO,0,0,0,0,0,0
2024-01-30,DIA LETIVO PADRAO,0,0,0,0,0,0
2024-01-31,DIA LETIVO PADRAO,0,0,0,0,0,0
2024-02-01,DIA LETIVO PADRAO,0,0,0,1,0,0
2024-02-02,DIA LETIVO PADRAO,0,0,0,1,0,0
2024-02-03,SABADO,0,0,0,0,0,0
2024-02-04,DOMINGO,0,0,0,0,0,0
2024-02-05,DIA LETIVO PADRAO,0,0,0,1,0,1
2024-02-06,DIA LETIVO PADRAO,0,0,0,1,0,1
2024-02-07,DIA LETIVO PADRAO,0,0,0,1,0,1
2024-02-08,DIA LETIVO PADRAO,0,0,0,1,0,1
2024-02-09,DIA LETIVO PADRAO,0,0,0,1,0,1
2024-02-10,SABADO,0,0,0,0,0,1
2024-02-11,DOMINGO,0,0,0,0,0,1
2024-02-12,"ENCONTRO DA CSP COM OS ESTUDANTES DO INTEGRADO 1 2 3 23 - PRAZO MÁXIMO PARA CANCELAMENTO NAS DISCIPLINAS OPTATIVAS 4 5 6 7 8 9 10 24- REPOSIÇÃO DE AULA (SEGUNDA-FEIRA) 11 12 13 14 15 16 17 18 19 20 21 22 23 24 25 26 27 28 29 30 31 DIAS 4 4 4 5 5 1 ACUMULADO 5 5 5 5 6 1 DIAS LETIVOS NO MÊS 23 DIAS LETIVOS ACUMULADOS NO SEMESTRE 27 DIAS LETIVOS ACUMULADOS NO ANO 130 ATIVIDADES / EVENTOS",0,0,0,1,0,1
2024-02-13,"ENCONTRO DA CSP COM OS ESTUDANTES DO INTEGRADO 1 2 3 23 - PRAZO MÁXIMO PARA CANCELAMENTO NAS DISCIPLINAS OPTATIVAS 4 5 6 7 8 9 10 24- REPOSIÇÃO DE AULA (SEGUNDA-FEIRA) 11 12 13 14 15 16 17 18 19 20 21 22 23 24 25 26 27 28 29 30 31 DIAS 4 4 4 5 5 1 ACUMULADO 5 5 5 5 6 1 DIAS LETIVOS NO MÊS 23 DIAS LETIVOS ACUMULADOS NO SEMESTRE 27 DIAS LETIVOS ACUMULADOS NO ANO 130 ATIVIDADES / EVENTOS",0,0,0,1,0,1
2024-02-14,"ENCONTRO DA CSP COM OS ESTUDANTES DO INTEGRADO 1 2 3 23 - PRAZO MÁXIMO PARA CANCELAMENTO NAS DISCIPLINAS OPTATIVAS 4 5 6 7 8 9 10 24- REPOSIÇÃO DE AULA (SEGUNDA-FEIRA) 11 12 13 14 15 16 17 18 19 20 21 22 23 24 25 26 27 28 29 30 31 DIAS 4 4 4 5 5 1 ACUMULADO 5 5 5 5 6 1 DIAS LETIVOS NO MÊS 23 DIAS LETIVOS ACUMULADOS NO SEMESTRE 27 DIAS LETIVOS ACUMULADOS NO ANO 130 ATIVIDADES / EVENTOS",0,0,0,1,0,1
2024-02-15,"ENCONTRO DA CSP COM OS ESTUDANTES DO INTEGRADO 1 2 3 23 - PRAZO MÁXIMO PARA CANCELAMENTO NAS DISCIPLINAS OPTATIVAS 4 5 6 7 8 9 10 24- REPOSIÇÃO DE AULA (SEGUNDA-FEIRA) 11 12 13 14 15 16 17 18 19 20 21 22 23 24 25 26 27 28 29 30 31 DIAS 4 4 4 5 5 1 ACUMULADO 5 5 5 5 6 1 DIAS LETIVOS NO MÊS 23 DIAS LETIVOS ACUMULADOS NO SEMESTRE 27 DIAS LETIVOS ACUMULADOS NO ANO 130 ATIVIDADES / EVENTOS",0,0,0,1,0,1
2024-02-16,"ENCONTRO DA CSP COM OS ESTUDANTES DO INTEGRADO 1 2 3 23 - PRAZO MÁXIMO PARA CANCELAMENTO NAS DISCIPLINAS OPTATIVAS 4 5 6 7 8 9 10 24- REPOSIÇÃO DE AULA (SEGUNDA-FEIRA) 11 12 13 14 15 16 17 18 19 20 21 22 23 24 25 26 27 28 29 30 31 DIAS 4 4 4 5 5 1 ACUMULADO 5 5 5 5 6 1 DIAS LETIVOS NO MÊS 23 DIAS LETIVOS ACUMULADOS NO SEMESTRE 27 DIAS LETIVOS ACUMULADOS NO ANO 130 ATIVIDADES / EVENTOS",0,0,0,1,0,1
2024-02-17,SABADO,0,0,0,0,0,1
2024-02-18,DOMINGO,0,0,0,0,0,1
2024-02-19,DIA LETIVO PADRAO,0,0,0,1,0,1
2024-02-20,DIA LETIVO PADRAO,0,0,0,1,0,1
2024-02-21,DIA LETIVO PADRAO,0,0,0,1,0,1
2024-02-22,DIA LETIVO PADRAO,0,0,0,1,0,1
2024-02-23,DIA LETIVO PADRAO,0,0,0,1,0,1
2024-02-24,SABADO,0,0,0,0,0,1
2024-02-25,DOMINGO,0,0,0,0,0,1
2024-02-26,DIA LETIVO PADRAO,0,0,0,1,0,1
2024-02-27,DIA LETIVO PADRAO,0,0,0,1,0,1
2024-02-28,DIA LETIVO PADRAO,0,0,0,1,0,1
2024-02-29,DIA LETIVO PADRAO,0,0,0,1,0,1
2024-03-01,DIA LETIVO PADRAO,0,0,0,1,0,1
2024-03-02,SABADO,0,0,0,0,0,1
2024-03-03,DOMINGO,0,0,0,0,0,1
2024-03-04,DIA LETIVO PADRAO,0,0,0,1,0,1
2024-03-05,DIA LETIVO PADRAO,0,0,0,1,0,1
2024-03-06,DIA LETIVO PADRAO,0,1,0,1,0,1
2024-03-07,"INDEPENDÊNCIA DO BRASIL – LEI FEDERAL Nº 10.607, DE 19/12/2002 (FERIADO NACIONAL) 1 2 3 4 5 6 7 08 – FUNDAÇÃO DE ITAQUAQUECETUBA - LEI ORGÂNICA (FERIADO MUNICIPALL) 8 9 10 11 12 13 14 16 A 20 - ENCONTRO DA CSP COM OS ESTUDANTES DO INTEGRADO 15 16 17 18 19 20 21 22 – ATIVIDADES ALUSIVAS AO ANIVERSÁRIO DO IFSP 22 23 24 25 26 27 28 29 30 DIAS 5 4 4 4 4 0 ACUMULADO 10 9 9 9 10 1 DIAS LETIVOS NO MÊS 21 DIAS LETIVOS ACUMULADOS NO SEMESTRE 48 DIAS LETIVOS ACUMULADOS NO ANO 151 ATIVIDADES / EVENTOS",1,0,0,0,0,1
2024-03-08,DIA LETIVO PADRAO,0,0,0,1,0,1
2024-03-09,SABADO,0,0,0,0,0,1
2024-03-10,DOMINGO,0,0,0,0,0,1
2024-03-11,DIA LETIVO PADRAO,0,0,0,1,0,1
2024-03-12,DIA LETIVO PADRAO,0,0,0,1,0,1
2024-03-13,DIA LETIVO PADRAO,0,0,0,1,0,1
2024-03-14,DIA LETIVO PADRAO,0,0,0,1,0,1
2024-03-15,DIA LETIVO PADRAO,0,0,0,1,0,1
2024-03-16,SABADO,0,0,0,0,0,1
2024-03-17,DOMINGO,0,0,0,0,0,1
2024-03-18,DIA LETIVO PADRAO,0,0,0,1,0,1
2024-03-19,DIA LETIVO PADRAO,0,0,0,1,0,1
2024-03-20,DIA LETIVO PADRAO,0,0,0,1,0,1
2024-03-21,DIA LETIVO PADRAO,0,0,0,1,0,1
2024-03-22,DIA LETIVO PADRAO,0,0,0,1,0,1
2024-03-23,SABADO,0,0,0,0,0,1
2024-03-24,DOMINGO,0,0,0,0,0,1
2024-03-25,DIA LETIVO PADRAO,0,0,0,1,0,1
2024-03-26,DIA LETIVO PADRAO,0,0,0,1,0,1
2024-03-27,DIA LETIVO PADRAO,0,0,0,1,0,1
2024-03-28,DIA LETIVO PADRAO,0,0,0,1,0,1
2024-03-29,DIA LETIVO PADRAO,0,0,0,1,0,1
2024-03-30,SABADO,0,0,0,0,0,1
2024-03-31,DOMINGO,0,0,0,0,0,1
2024-04-01,DIA LETIVO PADRAO,0,0,0,1,0,1
2024-04-02,DIA LETIVO PADRAO,0,0,0,1,0,1
2024-04-03,DIA LETIVO PADRAO,0,1,0,1,0,1
2024-04-04,"DATA LIMITE PARA ENTREGA DE NOTAS E FALTAS 1 2 3 4 5  09 A 11 - CSP CONSELHO DE CLASSE CONSULTIVO 3º BIMESTRE 6 7 8 9 10 11 12 12 – NOSSA SENHORA APARECIDA – LEI FEDERAL Nº 6.802, DE 30/06/1980 (FERIADO NACIONALL) 13 14 15 16 17 18 19 14 – RECESSO 20 21 22 23 24 25 26 15 – DIA DO PROFESSOR – DECRETO FEDERAL Nº 52.682, DE 14/10/1963 27 28 29 30 31 16 A 19 - SEMANA NACIONAL DE CIÊNCIA E TECNOLOGIA (SNCT)",1,0,1,0,1,1
2024-04-05,DIA LETIVO PADRAO,0,0,0,1,0,1
2024-04-06,SABADO,0,0,0,0,0,1
2024-04-07,DOMINGO,0,0,0,0,0,1
2024-04-08,DIA LETIVO PADRAO,0,0,0,1,0,1
2024-04-09,DIA LETIVO PADRAO,0,0,0,1,0,1
2024-04-10,DIA LETIVO PADRAO,0,0,0,1,0,1
2024-04-11,DIA LETIVO PADRAO,0,0,0,1,0,1
2024-04-12,DIA LETIVO PADRAO,0,0,0,1,0,1
2024-04-13,SABADO,0,0,0,0,0,1
2024-04-14,DOMINGO,0,0,0,0,0,1
2024-04-15,DIA LETIVO PADRAO,0,0,0,1,0,1
2024-04-16,DIA LETIVO PADRAO,0,0,0,1,0,1
2024-04-17,DIA LETIVO PADRAO,0,0,0,1,0,1
2024-04-18,DIA LETIVO PADRAO,0,1,0,1,0,1
2024-04-19,"REPOSIÇÃO DE AULA (QUARTA-FEIRA) DIAS 2 4 5 5 4 1 28 – DIA DO SERVIDOR PÚBLICO – ART. 236 DA LEI Nº 8.112, DE 11/12/1990 / (FERIADO FEDERAL / PONTO FACULTATIVO) ACUMULADO 12 13 14 14 14 2 DIAS LETIVOS NO MÊS 21 DIAS LETIVOS ACUMULADOS NO SEMESTRE 69 DIAS LETIVOS ACUMULADOS NO ANO 172 ATIVIDADES / EVENTOS",1,0,0,0,0,1
2024-04-20,SABADO,0,0,0,0,0,1
2024-04-21,DOMINGO,0,0,0,0,0,0
2024-04-22,DIA LETIVO PADRAO,0,0,0,1,0,2
2024-04-23,DIA LETIVO PADRAO,0,0,0,1,0,2
2024-04-24,DIA LETIVO PADRAO,0,0,0,1,0,2
2024-04-25,DIA LETIVO PADRAO,0,0,0,1,0,2
2024-04-26,DIA LETIVO PADRAO,0,0,0,1,0,2
2024-04-27,SABADO,0,0,0,0,0,2
2024-04-28,DOMINGO,0,0,0,0,0,2
2024-04-29,DIA LETIVO PADRAO,0,0,0,1,0,2
2024-04-30,DIA LETIVO PADRAO,0,0,0,1,0,2
2024-05-01,DIA LETIVO PADRAO,0,1,0,1,0,2
2024-05-02,"FINADOS – LEI FEDERAL Nº 10.607, DE 19/12/2002 (FERIADO NACIONAL) 1 2 11 A 14 - ENCONTRO DA CSP COM OS ESTUDANTES DO INTEGRADO 3 4 5 6 7 8 9 15 – PROCLAMAÇÃO DA REPÚBLICA – LEI FEDERAL Nº 10.607, DE 19/12/2002 (FERIADO NACIONAL) 10 11 12 13 14 15 16 20 – DIA ESTADUAL DA CONSCIÊNCIA NEGRA – LEI ESTADUAL Nº. 17.746 DE 12/09/2023 (FERIADO ESTADUAL) 17 18 19 20 21 22 23 21 A 23 SEMANA DA CONSCIÊNCIA NEGRA 24 25 26 27 28 29 30 23 - REPOSIÇÃO DE AULA (SEXTA-FEIRA) DIAS 4 4 3 4 4 1 ACUMULADO 16 17 17 18 18 3 DIAS LETIVOS NO MÊS 20 DIAS LETIVOS ACUMULADOS NO SEMESTRE 89 DIAS LETIVOS ACUMULADOS NO ANO 192 ATIVIDADES / EVENTOS",1,0,0,0,1,2
2024-05-03,DIA LETIVO PADRAO,0,0,0,1,0,2
2024-05-04,SABADO,0,0,0,0,0,2
2024-05-05,DOMINGO,0,0,0,0,0,2
2024-05-06,DIA LETIVO PADRAO,0,0,0,1,0,2
2024-05-07,DIA LETIVO PADRAO,0,0,0,1,0,2
2024-05-08,DIA LETIVO PADRAO,0,0,0,1,0,2
2024-05-09,DIA LETIVO PADRAO,0,0,0,1,0,2
2024-05-10,DIA LETIVO PADRAO,0,0,0,1,0,2
2024-05-11,SABADO,0,0,0,0,0,2
2024-05-12,DOMINGO,0,0,0,0,0,2
2024-05-13,DIA LETIVO PADRAO,0,0,0,1,0,2
2024-05-14,DIA LETIVO PADRAO,0,0,0,1,0,2
2024-05-15,DIA LETIVO PADRAO,0,0,0,1,0,2
2024-05-16,DIA LETIVO PADRAO,0,0,0,1,0,2
2024-05-17,DIA LETIVO PADRAO,0,0,0,1,0,2
2024-05-18,SABADO,0,0,0,0,0,2
2024-05-19,DOMINGO,0,0,0,0,0,2
2024-05-20,DIA LETIVO PADRAO,0,0,0,1,0,2
2024-05-21,DIA LETIVO PADRAO,0,0,0,1,0,2
2024-05-22,DIA LETIVO PADRAO,0,0,0,1,0,2
2024-05-23,DIA LETIVO PADRAO,0,0,0,1,0,2
2024-05-24,DIA LETIVO PADRAO,0,0,0,1,0,2
2024-05-25,SABADO,0,0,0,0,0,2
2024-05-26,DOMINGO,0,0,0,0,0,2
2024-05-27,DIA LETIVO PADRAO,0,0,0,1,0,2
2024-05-28,DIA LETIVO PADRAO,0,0,0,1,0,2
2024-05-29,DIA LETIVO PADRAO,0,0,0,1,0,2
2024-05-30,DIA LETIVO PADRAO,0,0,0,1,0,2
2024-05-31,DIA LETIVO PADRAO,0,0,0,1,0,2
2024-06-01,SABADO,0,0,0,0,0,2
2024-06-02,DOMINGO,0,0,0,0,0,2
2024-06-03,DIA LETIVO PADRAO,0,0,0,1,0,2
2024-06-04,DIA LETIVO PADRAO,0,0,0,1,0,2
2024-06-05,DIA LETIVO PADRAO,0,0,0,1,0,2
2024-06-06,DIA LETIVO PADRAO,0,0,0,1,0,2
2024-06-07,DIA LETIVO PADRAO,0,0,0,1,0,2
2024-06-08,SABADO,0,0,0,0,0,2
2024-06-09,DOMINGO,0,0,0,0,0,2
2024-06-10,DIA LETIVO PADRAO,0,0,0,1,0,2
2024-06-11,"DATA LIMITE PARA ENTREGA DE NOTAS E FALTAS 1 2 3 4 5 6 7",0,1,0,1,0,2
2024-06-12,"REAVALIAÇÃO 8 9 10 11 12 13 14 18 - DATA LIMITE PARA ENTREGA DE NOTAS DE REAVALIAÇÃO 15 16 17 18 19 20 21 19 E 20 - CONSELHO DELIBERATIVO 22 23 24 25 26 27 28 23 A 31 – RECESSO ESCOLAR E ADMINISTRATIVO 29 30 31 25 – NATAL – LEI FEDERAL Nº 10.607, DE 19/12/2002 (FERIADO NACIONALL) DIAS 2 2 2 1 1 0 ACUMULADO 18 19 19 19 19 3 DIAS LETIVOS NO MÊS 8 DIAS LETIVOS ACUMULADOS NO SEMESTRE 97 DIAS LETIVOS ACUMULADOS NO ANO 200",1,1,1,0,0,2
2024-06-13,"REAVALIAÇÃO 8 9 10 11 12 13 14 18 - DATA LIMITE PARA ENTREGA DE NOTAS DE REAVALIAÇÃO 15 16 17 18 19 20 21 19 E 20 - CONSELHO DELIBERATIVO 22 23 24 25 26 27 28 23 A 31 – RECESSO ESCOLAR E ADMINISTRATIVO 29 30 31 25 – NATAL – LEI FEDERAL Nº 10.607, DE 19/12/2002 (FERIADO NACIONALL) DIAS 2 2 2 1 1 0 ACUMULADO 18 19 19 19 19 3 DIAS LETIVOS NO MÊS 8 DIAS LETIVOS ACUMULADOS NO SEMESTRE 97 DIAS LETIVOS ACUMULADOS NO ANO 200",1,1,1,0,0,2
2024-06-14,"REAVALIAÇÃO 8 9 10 11 12 13 14 18 - DATA LIMITE PARA ENTREGA DE NOTAS DE REAVALIAÇÃO 15 16 17 18 19 20 21 19 E 20 - CONSELHO DELIBERATIVO 22 23 24 25 26 27 28 23 A 31 – RECESSO ESCOLAR E ADMINISTRATIVO 29 30 31 25 – NATAL – LEI FEDERAL Nº 10.607, DE 19/12/2002 (FERIADO NACIONALL) DIAS 2 2 2 1 1 0 ACUMULADO 18 19 19 19 19 3 DIAS LETIVOS NO MÊS 8 DIAS LETIVOS ACUMULADOS NO SEMESTRE 97 DIAS LETIVOS ACUMULADOS NO ANO 200",1,1,1,0,0,2
2024-06-15,"REAVALIAÇÃO 8 9 10 11 12 13 14 18 - DATA LIMITE PARA ENTREGA DE NOTAS DE REAVALIAÇÃO 15 16 17 18 19 20 21 19 E 20 - CONSELHO DELIBERATIVO 22 23 24 25 26 27 28 23 A 31 – RECESSO ESCOLAR E ADMINISTRATIVO 29 30 31 25 – NATAL – LEI FEDERAL Nº 10.607, DE 19/12/2002 (FERIADO NACIONALL) DIAS 2 2 2 1 1 0 ACUMULADO 18 19 19 19 19 3 DIAS LETIVOS NO MÊS 8 DIAS LETIVOS ACUMULADOS NO SEMESTRE 97 DIAS LETIVOS ACUMULADOS NO ANO 200",1,1,1,0,0,2
2024-06-16,"REAVALIAÇÃO 8 9 10 11 12 13 14 18 - DATA LIMITE PARA ENTREGA DE NOTAS DE REAVALIAÇÃO 15 16 17 18 19 20 21 19 E 20 - CONSELHO DELIBERATIVO 22 23 24 25 26 27 28 23 A 31 – RECESSO ESCOLAR E ADMINISTRATIVO 29 30 31 25 – NATAL – LEI FEDERAL Nº 10.607, DE 19/12/2002 (FERIADO NACIONALL) DIAS 2 2 2 1 1 0 ACUMULADO 18 19 19 19 19 3 DIAS LETIVOS NO MÊS 8 DIAS LETIVOS ACUMULADOS NO SEMESTRE 97 DIAS LETIVOS ACUMULADOS NO ANO 200",1,1,1,0,0,2
2024-06-17,"REAVALIAÇÃO 8 9 10 11 12 13 14 18 - DATA LIMITE PARA ENTREGA DE NOTAS DE REAVALIAÇÃO 15 16 17 18 19 20 21 19 E 20 - CONSELHO DELIBERATIVO 22 23 24 25 26 27 28 23 A 31 – RECESSO ESCOLAR E ADMINISTRATIVO 29 30 31 25 – NATAL – LEI FEDERAL Nº 10.607, DE 19/12/2002 (FERIADO NACIONALL) DIAS 2 2 2 1 1 0 ACUMULADO 18 19 19 19 19 3 DIAS LETIVOS NO MÊS 8 DIAS LETIVOS ACUMULADOS NO SEMESTRE 97 DIAS LETIVOS ACUMULADOS NO ANO 200",1,1,1,0,0,2
2024-06-18,"REAVALIAÇÃO 8 9 10 11 12 13 14 18 - DATA LIMITE PARA ENTREGA DE NOTAS DE REAVALIAÇÃO 15 16 17 18 19 20 21 19 E 20 - CONSELHO DELIBERATIVO 22 23 24 25 26 27 28 23 A 31 – RECESSO ESCOLAR E ADMINISTRATIVO 29 30 31 25 – NATAL – LEI FEDERAL Nº 10.607, DE 19/12/2002 (FERIADO NACIONALL) DIAS 2 2 2 1 1 0 ACUMULADO 18 19 19 19 19 3 DIAS LETIVOS NO MÊS 8 DIAS LETIVOS ACUMULADOS NO SEMESTRE 97 DIAS LETIVOS ACUMULADOS NO ANO 200",1,0,1,0,0,2
2024-06-19,DIA LETIVO PADRAO,0,0,0,1,0,2
2024-06-20,DIA LETIVO PADRAO,0,0,0,1,0,2
2024-06-21,DIA LETIVO PADRAO,0,0,0,1,0,2
2024-06-22,SABADO,0,0,0,0,0,2
2024-06-23,DOMINGO,0,0,0,0,0,2
2024-06-24,DIA LETIVO PADRAO,0,0,0,1,0,2
2024-06-25,DIA LETIVO PADRAO,0,0,0,1,0,2
2024-06-26,DIA LETIVO PADRAO,0,0,0,1,0,2
2024-06-27,DIA LETIVO PADRAO,0,0,0,1,0,2
2024-06-28,DIA LETIVO PADRAO,0,0,0,1,0,2
2024-06-29,SABADO,0,0,0,0,0,2
2024-06-30,DOMINGO,0,0,0,0,0,2
2024-07-01,DIA LETIVO PADRAO,0,0,0,1,0,2
2024-07-02,DIA LETIVO PADRAO,0,0,0,1,0,2
2024-07-03,DIA LETIVO PADRAO,0,0,0,1,0,2
2024-07-04,DIA LETIVO PADRAO,0,0,0,1,0,2
2024-07-05,DIA LETIVO PADRAO,0,0,0,1,0,2
2024-07-06,SABADO,0,0,0,0,0,2
2024-07-07,DOMINGO,0,0,0,0,0,2
2024-07-08,DIA LETIVO PADRAO,0,0,0,1,0,2
2024-07-09,DIA LETIVO PADRAO,0,0,0,1,0,0
2024-07-10,DIA LETIVO PADRAO,0,0,0,1,0,0
2024-07-11,DIA LETIVO PADRAO,0,0,0,1,0,0
2024-07-12,DIA LETIVO PADRAO,0,0,0,1,0,0
2024-07-13,SABADO,0,0,0,0,0,0
2024-07-14,DOMINGO,0,0,0,0,0,0
2024-07-15,DIA LETIVO PADRAO,0,0,0,1,0,0
2024-07-16,DIA LETIVO PADRAO,0,0,0,1,0,0
2024-07-17,DIA LETIVO PADRAO,0,0,0,1,0,0
2024-07-18,DIA LETIVO PADRAO,0,0,0,1,0,0
2024-07-19,DIA LETIVO PADRAO,0,0,0,1,0,0
2024-07-20,SABADO,0,0,0,0,0,0
2024-07-21,DOMINGO,0,0,0,0,0,0
2024-07-22,DIA LETIVO PADRAO,0,0,0,1,0,0
2024-07-23,DIA LETIVO PADRAO,0,0,0,1,0,0
2024-07-24,DIA LETIVO PADRAO,0,0,0,1,0,0
2024-07-25,DIA LETIVO PADRAO,0,0,0,1,0,3
2024-07-26,DIA LETIVO PADRAO,0,0,0,1,0,3
2024-07-27,SABADO,0,0,0,0,0,3
2024-07-28,DOMINGO,0,0,0,0,0,3
2024-07-29,DIA LETIVO PADRAO,0,0,0,1,0,3
2024-07-30,DIA LETIVO PADRAO,0,0,0,1,0,3
2024-07-31,DIA LETIVO PADRAO,0,0,0,1,0,3
2024-08-01,DIA LETIVO PADRAO,0,0,0,1,0,3
2024-08-02,DIA LETIVO PADRAO,0,0,0,1,0,3
2024-08-03,SABADO,0,0,0,0,0,3
2024-08-04,DOMINGO,0,0,0,0,0,3
2024-08-05,DIA LETIVO PADRAO,0,0,0,1,0,3
2024-08-06,DIA LETIVO PADRAO,0,0,0,1,0,3
2024-08-07,DIA LETIVO PADRAO,0,0,0,1,0,3
2024-08-08,DIA LETIVO PADRAO,0,0,0,1,0,3
2024-08-09,DIA LETIVO PADRAO,0,0,0,1,0,3
2024-08-10,SABADO,0,0,0,0,0,3
2024-08-11,DOMINGO,0,0,0,0,0,3
2024-08-12,DIA LETIVO PADRAO,0,0,0,1,0,3
2024-08-13,DIA LETIVO PADRAO,0,0,0,1,0,3
2024-08-14,DIA LETIVO PADRAO,0,0,0,1,0,3
2024-08-15,DIA LETIVO PADRAO,0,0,0,1,0,3
2024-08-16,DIA LETIVO PADRAO,0,0,0,1,0,3
2024-08-17,SABADO,0,0,0,0,0,3
2024-08-18,DOMINGO,0,0,0,0,0,3
2024-08-19,DIA LETIVO PADRAO,0,0,0,1,0,3
2024-08-20,DIA LETIVO PADRAO,0,0,0,1,0,3
2024-08-21,DIA LETIVO PADRAO,0,0,0,1,0,3
2024-08-22,DIA LETIVO PADRAO,0,0,0,1,0,3
2024-08-23,DIA LETIVO PADRAO,0,0,0,1,0,3
2024-08-24,SABADO,0,0,0,0,0,3
2024-08-25,DOMINGO,0,0,0,0,0,3
2024-08-26,DIA LETIVO PADRAO,0,0,0,1,0,3
2024-08-27,DIA LETIVO PADRAO,0,0,0,1,0,3
2024-08-28,DIA LETIVO PADRAO,0,0,0,1,0,3
2024-08-29,DIA LETIVO PADRAO,0,0,0,1,0,3
2024-08-30,DIA LETIVO PADRAO,0,0,0,1,0,3
2024-08-31,SABADO,0,0,0,0,0,3
2024-09-01,DOMINGO,0,0,0,0,0,3
2024-09-02,DIA LETIVO PADRAO,0,0,0,1,0,3
2024-09-03,DIA LETIVO PADRAO,0,0,0,1,0,3
2024-09-04,DIA LETIVO PADRAO,0,0,0,1,0,3
2024-09-05,DIA LETIVO PADRAO,0,0,0,1,0,3
2024-09-06,DIA LETIVO PADRAO,0,0,0,1,0,3
2024-09-07,SABADO,0,0,0,0,0,3
2024-09-08,DOMINGO,0,0,0,0,0,3
2024-09-09,DIA LETIVO PADRAO,0,0,0,1,0,3
2024-09-10,DIA LETIVO PADRAO,0,0,0,1,0,3
2024-09-11,DIA LETIVO PADRAO,0,0,0,1,0,3
2024-09-12,DIA LETIVO PADRAO,0,0,0,1,0,3
2024-09-13,DIA LETIVO PADRAO,0,0,0,1,0,3
2024-09-14,SABADO,0,0,0,0,0,3
2024-09-15,DOMINGO,0,0,0,0,0,3
2024-09-16,DIA LETIVO PADRAO,0,0,0,1,0,3
2024-09-17,DIA LETIVO PADRAO,0,0,0,1,0,3
2024-09-18,DIA LETIVO PADRAO,0,0,0,1,0,3
2024-09-19,DIA LETIVO PADRAO,0,0,0,1,0,3
2024-09-20,DIA LETIVO PADRAO,0,0,0,1,0,3
2024-09-21,SABADO,0,0,0,0,0,3
2024-09-22,DOMINGO,0,0,0,0,0,3
2024-09-23,DIA LETIVO PADRAO,0,0,0,1,0,3
2024-09-24,DIA LETIVO PADRAO,0,0,0,1,0,3
2024-09-25,DIA LETIVO PADRAO,0,0,0,1,0,3
2024-09-26,DIA LETIVO PADRAO,0,0,0,1,0,3
2024-09-27,DIA LETIVO PADRAO,0,0,0,1,0,3
2024-09-28,SABADO,0,0,0,0,0,3
2024-09-29,DOMINGO,0,0,0,0,0,3
2024-09-30,DIA LETIVO PADRAO,0,0,0,1,0,3
2024-10-01,DIA LETIVO PADRAO,0,0,0,1,0,3
2024-10-02,DIA LETIVO PADRAO,0,0,0,1,0,3
2024-10-03,DIA LETIVO PADRAO,0,0,0,1,0,3
2024-10-04,DIA LETIVO PADRAO,0,0,0,1,0,3
2024-10-05,SABADO,0,0,0,0,0,3
2024-10-06,DOMINGO,0,0,0,0,0,4
2024-10-07,DIA LETIVO PADRAO,0,0,0,1,0,4
2024-10-08,DIA LETIVO PADRAO,0,0,0,1,0,4
2024-10-09,DIA LETIVO PADRAO,0,0,0,1,0,4
2024-10-10,DIA LETIVO PADRAO,0,0,0,1,0,4
2024-10-11,DIA LETIVO PADRAO,0,0,0,1,0,4
2024-10-12,SABADO,0,0,0,0,0,4
2024-10-13,DOMINGO,0,0,0,0,0,4
2024-10-14,DIA LETIVO PADRAO,0,0,0,1,0,4
2024-10-15,DIA LETIVO PADRAO,0,0,0,1,0,4
2024-10-16,DIA LETIVO PADRAO,0,0,0,1,0,4
2024-10-17,DIA LETIVO PADRAO,0,0,0,1,0,4
2024-10-18,DIA LETIVO PADRAO,0,0,0,1,0,4
2024-10-19,SABADO,0,0,0,0,0,4
2024-10-20,DOMINGO,0,0,0,0,0,4
2024-10-21,DIA LETIVO PADRAO,0,0,0,1,0,4
2024-10-22,DIA LETIVO PADRAO,0,0,0,1,0,4
2024-10-23,DIA LETIVO PADRAO,0,0,0,1,0,4
2024-10-24,DIA LETIVO PADRAO,0,0,0,1,0,4
2024-10-25,DIA LETIVO PADRAO,0,0,0,1,0,4
2024-10-26,SABADO,0,0,0,0,0,4
2024-10-27,DOMINGO,0,0,0,0,0,4
2024-10-28,DIA LETIVO PADRAO,0,0,0,1,0,4
2024-10-29,DIA LETIVO PADRAO,0,0,0,1,0,4
2024-10-30,DIA LETIVO PADRAO,0,0,0,1,0,4
2024-10-31,DIA LETIVO PADRAO,0,0,0,1,0,4
2024-11-01,DIA LETIVO PADRAO,0,0,0,1,0,4
2024-11-02,SABADO,0,0,0,0,0,4
2024-11-03,DOMINGO,0,0,0,0,0,4
2024-11-04,DIA LETIVO PADRAO,0,0,0,1,0,4
2024-11-05,DIA LETIVO PADRAO,0,0,0,1,0,4
2024-11-06,DIA LETIVO PADRAO,0,0,0,1,0,4
2024-11-07,DIA LETIVO PADRAO,0,0,0,1,0,4
2024-11-08,DIA LETIVO PADRAO,0,0,0,1,0,4
2024-11-09,SABADO,0,0,0,0,0,4
2024-11-10,DOMINGO,0,0,0,0,0,4
2024-11-11,DIA LETIVO PADRAO,0,0,0,1,0,4
2024-11-12,DIA LETIVO PADRAO,0,0,0,1,0,4
2024-11-13,DIA LETIVO PADRAO,0,0,0,1,0,4
2024-11-14,DIA LETIVO PADRAO,0,0,0,1,0,4
2024-11-15,DIA LETIVO PADRAO,0,0,0,1,0,4
2024-11-16,SABADO,0,0,0,0,0,4
2024-11-17,DOMINGO,0,0,0,0,0,4
2024-11-18,DIA LETIVO PADRAO,0,0,0,1,0,4
2024-11-19,DIA LETIVO PADRAO,0,0,0,1,0,4
2024-11-20,DIA LETIVO PADRAO,0,0,0,1,0,4
2024-11-21,DIA LETIVO PADRAO,0,0,0,1,0,4
2024-11-22,DIA LETIVO PADRAO,0,0,0,1,0,4
2024-11-23,SABADO,0,0,0,0,0,4
2024-11-24,DOMINGO,0,0,0,0,0,4
2024-11-25,DIA LETIVO PADRAO,0,0,0,1,0,4
2024-11-26,DIA LETIVO PADRAO,0,0,0,1,0,4
2024-11-27,DIA LETIVO PADRAO,0,0,0,1,0,4
2024-11-28,DIA LETIVO PADRAO,0,0,0,1,0,4
2024-11-29,DIA LETIVO PADRAO,0,0,0,1,0,4
2024-11-30,SABADO,0,0,0,0,0,4
2024-12-01,DOMINGO,0,0,0,0,0,4
2024-12-02,DIA LETIVO PADRAO,0,0,0,1,0,4
2024-12-03,DIA LETIVO PADRAO,0,0,0,1,0,4
2024-12-04,DIA LETIVO PADRAO,0,0,0,1,0,4
2024-12-05,DIA LETIVO PADRAO,0,0,0,1,0,4
2024-12-06,DIA LETIVO PADRAO,0,0,0,1,0,4
2024-12-07,SABADO,0,0,0,0,0,4
2024-12-08,DOMINGO,0,0,0,0,0,4
2024-12-09,DIA LETIVO PADRAO,0,0,0,1,0,4
2024-12-10,DIA LETIVO PADRAO,0,0,0,1,0,4
2024-12-11,DIA LETIVO PADRAO,0,0,0,1,0,4
2024-12-12,DIA LETIVO PADRAO,0,0,0,1,0,4
2024-12-13,DIA LETIVO PADRAO,0,0,0,1,0,4
2024-12-14,SABADO,0,0,0,0,0,4
2024-12-15,DOMINGO,0,0,0,0,0,4
2024-12-16,DIA LETIVO PADRAO,0,0,0,1,0,0
2024-12-17,DIA LETIVO PADRAO,0,0,0,1,0,0
2024-12-18,DIA LETIVO PADRAO,0,0,0,1,0,0
2024-12-19,DIA LETIVO PADRAO,0,0,0,1,0,0
2024-12-20,DIA LETIVO PADRAO,0,0,0,1,0,0
2024-12-21,SABADO,0,0,0,0,0,0
2024-12-22,DOMINGO,0,0,0,0,0,0
2024-12-23,DIA LETIVO PADRAO,0,0,0,1,0,0
2024-12-24,DIA LETIVO PADRAO,0,0,0,1,0,0
2024-12-25,DIA LETIVO PADRAO,0,0,0,1,0,0
2024-12-26,DIA LETIVO PADRAO,0,0,0,1,0,0
2024-12-27,DIA LETIVO PADRAO,0,0,0,1,0,0
2024-12-28,SABADO,0,0,0,0,0,0
2024-12-29,DOMINGO,0,0,0,0,0,0
2024-12-30,DIA LETIVO PADRAO,0,0,0,1,0,0
2024-12-31,DIA LETIVO PADRAO,0,1,0,1,0,0
2025-01-01,"DIA MUNDIAL DA PAZ / CONFRATERNIZAÇÃO UNIVERSAL- LEI FEDERAL Nº 10.607, DE 19/12/2002 (FERIADO FEDERAL) 1 2 3 4 21 – REUNIÃO ORDINÁRIA DO NAPNE 5 6 7 8 9 10 11 23/01 A 16/02 – FÉRIAS (25 DIAS) 12 13 14 15 16 17 18 19 20 21 22 23 24 25 26 27 28 29 30 31 DIAS 0 0 0 0 0 0 ACUMULADO 0 0 0 0 0 0 DIAS LETIVOS NO MÊS 0 DIAS LETIVOS ACUMULADOS NO SEMESTRE 0 DIAS LETIVOS ACUMULADOS NO ANO 0 FEVEREIRO ATIVIDADES / EVENTOS - FEVEREIRO",1,0,1,0,0,0
2025-01-02,DIA LETIVO PADRAO,0,0,0,0,0,0
2025-01-03,DIA LETIVO PADRAO,0,0,0,0,0,0
2025-01-04,SABADO,0,0,0,0,0,0
2025-01-05,DOMINGO,0,0,0,0,0,0
2025-01-06,DIA LETIVO PADRAO,0,0,0,0,0,0
2025-01-07,DIA LETIVO PADRAO,0,0,0,0,0,0
2025-01-08,DIA LETIVO PADRAO,0,0,0,0,0,0
2025-01-09,DIA LETIVO PADRAO,0,0,0,0,0,0
2025-01-10,DIA LETIVO PADRAO,0,0,0,0,0,0
2025-01-11,SABADO,0,0,0,0,0,0
2025-01-12,DOMINGO,0,0,0,0,0,0
2025-01-13,DIA LETIVO PADRAO,0,0,0,0,0,0
2025-01-14,DIA LETIVO PADRAO,0,0,0,0,0,0
2025-01-15,DIA LETIVO PADRAO,0,0,0,0,0,0
2025-01-16,DIA LETIVO PADRAO,0,0,0,0,0,0
2025-01-17,DIA LETIVO PADRAO,0,0,0,0,0,0
2025-01-18,SABADO,0,0,0,0,0,0
2025-01-19,DOMINGO,0,0,0,0,0,0
2025-01-20,DIA LETIVO PADRAO,0,0,0,0,0,0
2025-01-21,DIA LETIVO PADRAO,0,0,0,0,0,0
2025-01-22,DIA LETIVO PADRAO,0,0,0,0,0,0
2025-01-23,FÉRIAS (25 DIAS),0,0,0,0,0,0
2025-01-24,FÉRIAS (25 DIAS),0,0,0,0,0,0
2025-01-25,FÉRIAS (25 DIAS),0,0,0,0,0,0
2025-01-26,FÉRIAS (25 DIAS),0,0,0,0,0,0
2025-01-27,FÉRIAS (25 DIAS),0,0,0,0,0,0
2025-01-28,FÉRIAS (25 DIAS),0,0,0,0,0,0
2025-01-29,FÉRIAS (25 DIAS),0,0,0,0,0,0
2025-01-30,FÉRIAS (25 DIAS),0,0,0,0,0,0
2025-01-31,FÉRIAS (25 DIAS),0,0,0,0,0,0
2025-02-01,FÉRIAS (25 DIAS),0,0,0,0,0,0
2025-02-02,FÉRIAS (25 DIAS),0,0,0,0,0,0
2025-02-03,"REMATRÍCULA ONLINE 1 23/01 A 16/02 – FÉRIAS (25 DIAS) 2 3 4 5 6 7 8 17 E 18 – PLANEJAMENTO 9 10 11 12 13 14 15 19 - INÍCIO DA ETAPA 1 16 17 18 19 20 21 22 20 E 21 – REUNIÃO DE PAIS 23 24 25 26 27 28 24 – INÍCIO DAS MATRÍCULAS EM DISCIPLINAS OPTATIVAS DIAS 1 1 2 2 2 0 ACUMULADO 1 1 2 2 2 0 28 – PRAZO MÁXIMO PARA SOLICITAÇÃO DE MUDANÇA DE TURMA DIAS LETIVOS NO MÊS 8 DIAS LETIVOS ACUMULADOS NO SEMESTRE 8 DIAS LETIVOS ACUMULADOS NO ANO 8 MARÇO ATIVIDADES / EVENTOS - MARÇO / FÉRIAS (25 DIAS)",0,0,1,1,0,1
2025-02-04,"REMATRÍCULA ONLINE 1 23/01 A 16/02 – FÉRIAS (25 DIAS) 2 3 4 5 6 7 8 17 E 18 – PLANEJAMENTO 9 10 11 12 13 14 15 19 - INÍCIO DA ETAPA 1 16 17 18 19 20 21 22 20 E 21 – REUNIÃO DE PAIS 23 24 25 26 27 28 24 – INÍCIO DAS MATRÍCULAS EM DISCIPLINAS OPTATIVAS DIAS 1 1 2 2 2 0 ACUMULADO 1 1 2 2 2 0 28 – PRAZO MÁXIMO PARA SOLICITAÇÃO DE MUDANÇA DE TURMA DIAS LETIVOS NO MÊS 8 DIAS LETIVOS ACUMULADOS NO SEMESTRE 8 DIAS LETIVOS ACUMULADOS NO ANO 8 MARÇO ATIVIDADES / EVENTOS - MARÇO / FÉRIAS (25 DIAS)",0,0,1,1,0,1
2025-02-05,"REMATRÍCULA ONLINE 1 23/01 A 16/02 – FÉRIAS (25 DIAS) 2 3 4 5 6 7 8 17 E 18 – PLANEJAMENTO 9 10 11 12 13 14 15 19 - INÍCIO DA ETAPA 1 16 17 18 19 20 21 22 20 E 21 – REUNIÃO DE PAIS 23 24 25 26 27 28 24 – INÍCIO DAS MATRÍCULAS EM DISCIPLINAS OPTATIVAS DIAS 1 1 2 2 2 0 ACUMULADO 1 1 2 2 2 0 28 – PRAZO MÁXIMO PARA SOLICITAÇÃO DE MUDANÇA DE TURMA DIAS LETIVOS NO MÊS 8 DIAS LETIVOS ACUMULADOS NO SEMESTRE 8 DIAS LETIVOS ACUMULADOS NO ANO 8 MARÇO ATIVIDADES / EVENTOS - MARÇO / FÉRIAS (25 DIAS)",0,0,1,1,0,1
2025-02-06,"REMATRÍCULA ONLINE 1 23/01 A 16/02 – FÉRIAS (25 DIAS) 2 3 4 5 6 7 8 17 E 18 – PLANEJAMENTO 9 10 11 12 13 14 15 19 - INÍCIO DA ETAPA 1 16 17 18 19 20 21 22 20 E 21 – REUNIÃO DE PAIS 23 24 25 26 27 28 24 – INÍCIO DAS MATRÍCULAS EM DISCIPLINAS OPTATIVAS DIAS 1 1 2 2 2 0 ACUMULADO 1 1 2 2 2 0 28 – PRAZO MÁXIMO PARA SOLICITAÇÃO DE MUDANÇA DE TURMA DIAS LETIVOS NO MÊS 8 DIAS LETIVOS ACUMULADOS NO SEMESTRE 8 DIAS LETIVOS ACUMULADOS NO ANO 8 MARÇO ATIVIDADES / EVENTOS - MARÇO / FÉRIAS (25 DIAS)",0,0,1,1,0,1
2025-02-07,"REMATRÍCULA ONLINE 1 23/01 A 16/02 – FÉRIAS (25 DIAS) 2 3 4 5 6 7 8 17 E 18 – PLANEJAMENTO 9 10 11 12 13 14 15 19 - INÍCIO DA ETAPA 1 16 17 18 19 20 21 22 20 E 21 – REUNIÃO DE PAIS 23 24 25 26 27 28 24 – INÍCIO DAS MATRÍCULAS EM DISCIPLINAS OPTATIVAS DIAS 1 1 2 2 2 0 ACUMULADO 1 1 2 2 2 0 28 – PRAZO MÁXIMO PARA SOLICITAÇÃO DE MUDANÇA DE TURMA DIAS LETIVOS NO MÊS 8 DIAS LETIVOS ACUMULADOS NO SEMESTRE 8 DIAS LETIVOS ACUMULADOS NO ANO 8 MARÇO ATIVIDADES / EVENTOS - MARÇO / FÉRIAS (25 DIAS)",0,0,1,1,0,1
2025-02-08,"REMATRÍCULA ONLINE 1 23/01 A 16/02 – FÉRIAS (25 DIAS) 2 3 4 5 6 7 8 17 E 18 – PLANEJAMENTO 9 10 11 12 13 14 15 19 - INÍCIO DA ETAPA 1 16 17 18 19 20 21 22 20 E 21 – REUNIÃO DE PAIS 23 24 25 26 27 28 24 – INÍCIO DAS MATRÍCULAS EM DISCIPLINAS OPTATIVAS DIAS 1 1 2 2 2 0 ACUMULADO 1 1 2 2 2 0 28 – PRAZO MÁXIMO PARA SOLICITAÇÃO DE MUDANÇA DE TURMA DIAS LETIVOS NO MÊS 8 DIAS LETIVOS ACUMULADOS NO SEMESTRE 8 DIAS LETIVOS ACUMULADOS NO ANO 8 MARÇO ATIVIDADES / EVENTOS - MARÇO / FÉRIAS (25 DIAS)",0,0,1,0,0,1
2025-02-09,FÉRIAS (25 DIAS),0,0,0,0,0,1
2025-02-10,FÉRIAS (25 DIAS),0,0,0,1,0,1
2025-02-11,FÉRIAS (25 DIAS),0,0,0,1,0,1
2025-02-12,FÉRIAS (25 DIAS),0,0,0,1,0,1
2025-02-13,FÉRIAS (25 DIAS),0,0,0,1,0,1
2025-02-14,FÉRIAS (25 DIAS),0,0,0,1,0,1
2025-02-15,FÉRIAS (25 DIAS),0,0,0,0,0,1
2025-02-16,FÉRIAS (25 DIAS),0,0,0,0,0,1
2025-02-17,DIA LETIVO PADRAO,0,0,0,1,0,1
2025-02-18,DIA LETIVO PADRAO,0,0,0,1,0,1
2025-02-19,DIA LETIVO PADRAO,0,0,0,1,0,1
2025-02-20,DIA LETIVO PADRAO,0,0,0,1,0,1
2025-02-21,DIA LETIVO PADRAO,0,0,0,1,0,1
2025-02-22,SABADO,0,0,0,0,0,1
2025-02-23,DOMINGO,0,0,0,0,0,1
2025-02-24,DIA LETIVO PADRAO,0,0,0,1,0,1
2025-02-25,DIA LETIVO PADRAO,0,0,0,1,0,1
2025-02-26,DIA LETIVO PADRAO,0,0,0,1,0,1
2025-02-27,DIA LETIVO PADRAO,0,0,0,1,0,1
2025-02-28,DIA LETIVO PADRAO,0,0,0,1,0,1
2025-03-01,SABADO,0,0,0,0,0,1
2025-03-02,DOMINGO,0,1,0,0,0,1
2025-03-03,"RECESSO 1 04 - CARNAVAL 2 3 4 5 6 7 8 05 – CINZAS 9 10 11 12 13 14 15 10 A 15 – SEMANA DE VALORIZAÇÃO DE MULHERES QUE FIZERAM HISTÓRIA (LEI Nº 14.986/2024) 16 17 18 19 20 21 22 23 24 25 26 27 28 29 29 - SÁBADO LETIVO 30 31 DIAS 4 3 3 4 4 2 ACUMULADO 5 4 5 6 6 2 DIAS LETIVOS NO MÊS 20 DIAS LETIVOS ACUMULADOS NO SEMESTRE 28 DIAS LETIVOS ACUMULADOS NO ANO 28 ABRIL ATIVIDADES / EVENTOS - ABRIL",1,0,0,0,1,1
2025-03-04,DIA LETIVO PADRAO,0,0,0,1,0,1
2025-03-05,DIA LETIVO PADRAO,0,0,0,1,0,1
2025-03-06,DIA LETIVO PADRAO,0,0,0,1,0,1
2025-03-07,DIA LETIVO PADRAO,0,0,0,1,0,1
2025-03-08,SABADO,0,0,0,0,0,1
2025-03-09,DOMINGO,0,0,0,0,0,1
2025-03-10,DIA LETIVO PADRAO,0,0,0,1,0,1
2025-03-11,DIA LETIVO PADRAO,0,0,0,1,0,1
2025-03-12,DIA LETIVO PADRAO,0,0,0,1,0,1
2025-03-13,DIA LETIVO PADRAO,0,0,0,1,0,1
2025-03-14,DIA LETIVO PADRAO,0,0,0,1,0,1
2025-03-15,SABADO,0,0,0,0,0,1
2025-03-16,DOMINGO,0,0,0,0,0,1
2025-03-17,DIA LETIVO PADRAO,0,0,0,1,0,1
2025-03-18,DIA LETIVO PADRAO,0,0,0,1,0,1
2025-03-19,DIA LETIVO PADRAO,0,0,0,1,0,1
2025-03-20,DIA LETIVO PADRAO,0,0,0,1,0,1
2025-03-21,DIA LETIVO PADRAO,0,0,0,1,0,1
2025-03-22,SABADO,0,0,0,0,0,1
2025-03-23,DOMINGO,0,0,0,0,0,1
2025-03-24,DIA LETIVO PADRAO,0,0,0,1,0,1
2025-03-25,DIA LETIVO PADRAO,0,0,0,1,0,1
2025-03-26,DIA LETIVO PADRAO,0,0,0,1,0,1
2025-03-27,DIA LETIVO PADRAO,0,0,0,1,0,1
2025-03-28,DIA LETIVO PADRAO,0,0,0,1,0,1
2025-03-29,SABADO,0,0,0,0,0,1
2025-03-30,DOMINGO,0,0,0,0,0,1
2025-03-31,DIA LETIVO PADRAO,0,0,0,1,0,1
2025-04-01,DIA LETIVO PADRAO,0,0,0,1,0,1
2025-04-02,DIA LETIVO PADRAO,0,0,0,1,0,1
2025-04-03,DIA LETIVO PADRAO,0,0,0,1,0,1
2025-04-04,DIA LETIVO PADRAO,0,0,0,1,0,1
2025-04-05,SABADO,0,0,0,0,0,1
2025-04-06,DOMINGO,0,1,0,0,0,1
2025-04-07,"ENCONTRO COM A CSP 1 2 3 4 5 12 - SÁBADO LETIVO 6 7 8 9 10 11 12 18 – SEXTA-FEIRA SANTA / PAIXÃO DE CRISTO – LEI FEDERAL Nº 9.093, DE 12/09/1995 (FERIADO FEDERAL) 13 14 15 16 17 18 19 19 – RECESSO 20 21 22 23 24 25 26 20 - PÁSCOA 27 28 29 30 21 – TIRADENTES - LEI FEDERAL Nº 10.607, DE 19/12/2002 (FERIADO FEDERAL) DIAS 3 5 5 4 3 1 ACUMULADO 8 9 10 10 9 3 30 – ENCERRAMENTO DA ETAPA 1 DIAS LETIVOS NO MÊS 21 DIAS LETIVOS ACUMULADOS NO SEMESTRE 49",1,1,0,0,0,1
2025-04-08,"ENCONTRO COM A CSP 1 2 3 4 5 12 - SÁBADO LETIVO 6 7 8 9 10 11 12 18 – SEXTA-FEIRA SANTA / PAIXÃO DE CRISTO – LEI FEDERAL Nº 9.093, DE 12/09/1995 (FERIADO FEDERAL) 13 14 15 16 17 18 19 19 – RECESSO 20 21 22 23 24 25 26 20 - PÁSCOA 27 28 29 30 21 – TIRADENTES - LEI FEDERAL Nº 10.607, DE 19/12/2002 (FERIADO FEDERAL) DIAS 3 5 5 4 3 1 ACUMULADO 8 9 10 10 9 3 30 – ENCERRAMENTO DA ETAPA 1 DIAS LETIVOS NO MÊS 21 DIAS LETIVOS ACUMULADOS NO SEMESTRE 49",1,1,0,0,0,1
2025-04-09,"ENCONTRO COM A CSP 1 2 3 4 5 12 - SÁBADO LETIVO 6 7 8 9 10 11 12 18 – SEXTA-FEIRA SANTA / PAIXÃO DE CRISTO – LEI FEDERAL Nº 9.093, DE 12/09/1995 (FERIADO FEDERAL) 13 14 15 16 17 18 19 19 – RECESSO 20 21 22 23 24 25 26 20 - PÁSCOA 27 28 29 30 21 – TIRADENTES - LEI FEDERAL Nº 10.607, DE 19/12/2002 (FERIADO FEDERAL) DIAS 3 5 5 4 3 1 ACUMULADO 8 9 10 10 9 3 30 – ENCERRAMENTO DA ETAPA 1 DIAS LETIVOS NO MÊS 21 DIAS LETIVOS ACUMULADOS NO SEMESTRE 49",1,1,0,0,0,1
2025-04-10,"ENCONTRO COM A CSP 1 2 3 4 5 12 - SÁBADO LETIVO 6 7 8 9 10 11 12 18 – SEXTA-FEIRA SANTA / PAIXÃO DE CRISTO – LEI FEDERAL Nº 9.093, DE 12/09/1995 (FERIADO FEDERAL) 13 14 15 16 17 18 19 19 – RECESSO 20 21 22 23 24 25 26 20 - PÁSCOA 27 28 29 30 21 – TIRADENTES - LEI FEDERAL Nº 10.607, DE 19/12/2002 (FERIADO FEDERAL) DIAS 3 5 5 4 3 1 ACUMULADO 8 9 10 10 9 3 30 – ENCERRAMENTO DA ETAPA 1 DIAS LETIVOS NO MÊS 21 DIAS LETIVOS ACUMULADOS NO SEMESTRE 49",1,1,0,0,0,1
2025-04-11,"ENCONTRO COM A CSP 1 2 3 4 5 12 - SÁBADO LETIVO 6 7 8 9 10 11 12 18 – SEXTA-FEIRA SANTA / PAIXÃO DE CRISTO – LEI FEDERAL Nº 9.093, DE 12/09/1995 (FERIADO FEDERAL) 13 14 15 16 17 18 19 19 – RECESSO 20 21 22 23 24 25 26 20 - PÁSCOA 27 28 29 30 21 – TIRADENTES - LEI FEDERAL Nº 10.607, DE 19/12/2002 (FERIADO FEDERAL) DIAS 3 5 5 4 3 1 ACUMULADO 8 9 10 10 9 3 30 – ENCERRAMENTO DA ETAPA 1 DIAS LETIVOS NO MÊS 21 DIAS LETIVOS ACUMULADOS NO SEMESTRE 49",1,0,0,0,0,1
2025-04-12,SABADO,0,0,0,0,0,0
2025-04-13,DOMINGO,0,0,0,0,0,0
2025-04-14,DIA LETIVO PADRAO,0,0,0,1,0,0
2025-04-15,DIA LETIVO PADRAO,0,0,0,1,0,0
2025-04-16,DIA LETIVO PADRAO,0,0,0,1,0,0
2025-04-17,DIA LETIVO PADRAO,0,0,0,1,0,0
2025-04-18,DIA LETIVO PADRAO,0,0,0,1,0,0
2025-04-19,SABADO,0,0,0,0,0,0
2025-04-20,DOMINGO,0,0,0,0,0,0
2025-04-21,DIA LETIVO PADRAO,0,0,0,1,0,0
2025-04-22,DIA LETIVO PADRAO,0,0,0,1,0,2
2025-04-23,DIA LETIVO PADRAO,0,0,0,1,0,2
2025-04-24,DIA LETIVO PADRAO,0,0,0,1,0,2
2025-04-25,REUNIÃO ORDINÁRIA DO NAPNE,0,0,1,1,0,2
2025-04-26,SABADO,0,0,0,0,0,2
2025-04-27,DOMINGO,0,0,0,0,0,2
2025-04-28,DIA LETIVO PADRAO,0,0,0,1,0,2
2025-04-29,"REUNIÃO ORDINÁRIA DO NAPNE CALENDÁRIO ACADÊMICO  2025 DIAS LETIVOS ACUMULADOS NO ANO 49 MAIO ATIVIDADES / EVENTOS - MAIO",0,0,1,1,0,2
2025-04-30,DIA LETIVO PADRAO,0,1,0,1,0,2
2025-05-01,"DIA DO TRABALHO/DIA DO TRABALHADOR – LEI FEDERAL Nº 10.607,DE 19/12/2002 (FERIADO FEDERAL) 1 2 3 02 - INÍCIO DA ETAPA 2 4 5 6 7 8 9 10 03 - SÁBADO LETIVO 11 12 13 14 15 16 17 18 19 20 21 22 23 24 05 A 09 – ENCONTRO COM A CSP 25 26 27 28 29 30 31 10 - SÁBADO LETIVO DIAS 4 4 4 3 3 4 15 E 16 - CONSELHO CONSULTIVO DO 1º DE BIMESTRE ACUMULADO 12 13 14 13 12 7 21- CAMPUS PORTAS ABERTAS DIAS LETIVOS NO MÊS 22 DIAS LETIVOS ACUMULADOS NO SEMESTRE 71 30 – PRAZO MÁXIMO PARA CANCELAMENTO DAS DISCIPLINAS OPTATIVAS DIAS LETIVOS ACUMULADOS NO ANO 71 31 - SÁBADO LETIVO JUNHO ATIVIDADES / EVENTOS - JUNHO",1,0,1,0,1,2
2025-05-02,DIA LETIVO PADRAO,0,0,0,1,0,2
2025-05-03,SABADO,0,0,0,0,0,2
2025-05-04,DOMINGO,0,0,0,0,0,2
2025-05-05,DIA LETIVO PADRAO,0,0,0,1,0,2
2025-05-06,DIA LETIVO PADRAO,0,0,0,1,0,2
2025-05-07,DIA LETIVO PADRAO,0,0,0,1,0,2
2025-05-08,DIA LETIVO PADRAO,0,0,0,1,0,2
2025-05-09,DIA LETIVO PADRAO,0,0,0,1,0,2
2025-05-10,SABADO,0,0,0,0,0,2
2025-05-11,DOMINGO,0,0,0,0,0,2
2025-05-12,DIA LETIVO PADRAO,0,0,0,1,0,2
2025-05-13,DIA LETIVO PADRAO,0,0,0,1,0,2
2025-05-14,DIA LETIVO PADRAO,0,0,0,1,0,2
2025-05-15,DIA LETIVO PADRAO,0,0,0,1,0,2
2025-05-16,DIA LETIVO PADRAO,0,0,0,1,0,2
2025-05-17,SABADO,0,0,0,0,0,2
2025-05-18,DOMINGO,0,0,0,0,0,2
2025-05-19,DIA LETIVO PADRAO,0,0,0,1,0,2
2025-05-20,DIA LETIVO PADRAO,0,0,0,1,0,2
2025-05-21,DIA LETIVO PADRAO,0,0,0,1,0,2
2025-05-22,DIA LETIVO PADRAO,0,0,0,1,0,2
2025-05-23,DIA LETIVO PADRAO,0,0,0,1,0,2
2025-05-24,SABADO,0,0,0,0,0,2
2025-05-25,DOMINGO,0,0,0,0,0,2
2025-05-26,DIA LETIVO PADRAO,0,0,0,1,0,2
2025-05-27,DIA LETIVO PADRAO,0,0,0,1,0,2
2025-05-28,DIA LETIVO PADRAO,0,0,0,1,0,2
2025-05-29,DIA LETIVO PADRAO,0,0,0,1,0,2
2025-05-30,DIA LETIVO PADRAO,0,0,0,1,0,2
2025-05-31,SABADO,0,0,0,0,0,2
2025-06-01,DOMINGO,0,1,0,0,0,2
2025-06-02,"ENCONTRO COM A CSP 1 2 3 4 5 6 7 05 E 06 – REUNIÃO DAS FAMÍLIAS 8 9 10 11 12 13 14 07 - SÁBADO LETIVO 15 16 17 18 19 20 21 9 A 14 – SEMANA DA CULTURA, DIVERSIDADE E MEIO AMBIENTE 22 23 24 25 26 27 28 19 – CORPUS CHRISTI (FERIADO NACIONAL) 29 30 DIAS 5 4 4 3 4 3 28 - FESTA JUNINA ACUMULADO 17 17 18 16 16 10 DIAS LETIVOS NO MÊS 23 DIAS LETIVOS ACUMULADOS NO SEMESTRE 94 DIAS LETIVOS ACUMULADOS NO ANO 94 JULHO ATIVIDADES / EVENTOS - JULHO",1,0,1,0,1,2
2025-06-03,DIA LETIVO PADRAO,0,0,0,1,0,2
2025-06-04,DIA LETIVO PADRAO,0,0,0,1,0,2
2025-06-05,DIA LETIVO PADRAO,0,1,0,1,0,2
2025-06-06,"ENCONTRO COM A CSP 1 2 3 4 5 6 7 05 E 06 – REUNIÃO DAS FAMÍLIAS 8 9 10 11 12 13 14 07 - SÁBADO LETIVO 15 16 17 18 19 20 21 9 A 14 – SEMANA DA CULTURA, DIVERSIDADE E MEIO AMBIENTE 22 23 24 25 26 27 28 19 – CORPUS CHRISTI (FERIADO NACIONAL) 29 30 DIAS 5 4 4 3 4 3 28 - FESTA JUNINA ACUMULADO 17 17 18 16 16 10 DIAS LETIVOS NO MÊS 23 DIAS LETIVOS ACUMULADOS NO SEMESTRE 94 DIAS LETIVOS ACUMULADOS NO ANO 94 JULHO ATIVIDADES / EVENTOS - JULHO",1,0,1,0,1,2
2025-06-07,SABADO,0,0,0,0,0,2
2025-06-08,DOMINGO,0,0,0,0,0,2
2025-06-09,DIA LETIVO PADRAO,0,0,0,1,0,2
2025-06-10,DIA LETIVO PADRAO,0,0,0,1,0,2
2025-06-11,DIA LETIVO PADRAO,0,0,0,1,0,2
2025-06-12,DIA LETIVO PADRAO,0,0,0,1,0,2
2025-06-13,DIA LETIVO PADRAO,0,0,0,1,0,2
2025-06-14,SABADO,0,0,0,0,0,2
2025-06-15,DOMINGO,0,0,0,0,0,2
2025-06-16,DIA LETIVO PADRAO,0,0,0,1,0,2
2025-06-17,DIA LETIVO PADRAO,0,0,0,1,0,2
2025-06-18,DIA LETIVO PADRAO,0,0,0,1,0,2
2025-06-19,DIA LETIVO PADRAO,0,0,0,1,0,2
2025-06-20,DIA LETIVO PADRAO,0,0,0,1,0,2
2025-06-21,SABADO,0,0,0,0,0,2
2025-06-22,DOMINGO,0,0,0,0,0,2
2025-06-23,DIA LETIVO PADRAO,0,0,0,1,0,2
2025-06-24,DIA LETIVO PADRAO,0,0,0,1,0,2
2025-06-25,DIA LETIVO PADRAO,0,0,0,1,0,2
2025-06-26,DIA LETIVO PADRAO,0,0,0,1,0,2
2025-06-27,DIA LETIVO PADRAO,0,0,0,1,0,2
2025-06-28,SABADO,0,0,0,0,0,2
2025-06-29,DOMINGO,0,0,0,0,0,2
2025-06-30,DIA LETIVO PADRAO,0,0,0,1,0,2
2025-07-01,DIA LETIVO PADRAO,0,0,0,1,0,2
2025-07-02,DIA LETIVO PADRAO,0,0,0,1,0,2
2025-07-03,DIA LETIVO PADRAO,0,0,0,1,0,2
2025-07-04,DIA LETIVO PADRAO,0,0,0,1,0,2
2025-07-05,SABADO,0,0,0,0,0,2
2025-07-06,DOMINGO,0,0,0,0,0,2
2025-07-07,DIA LETIVO PADRAO,0,0,0,1,0,2
2025-07-08,DIA LETIVO PADRAO,0,1,0,1,0,2
2025-07-09,"REVOLUÇÃO /MOVIMENTO CONSTITUCIONALISTA DE 1932 – LEI ESTADUAL Nº 9.497, DE 05/03/1997 (FERIADO ESTADUAL) 1 2 3 4 5 10 A 29 – FÉRIAS DOCENTES (20 DIAS) 6 7 8 9 10 11 12 30 – REPLANEJAMENTO 13 14 15 16 17 18 19 31 – CONSELHO DE CLASSE DO 2º BIMESTRE 20 21 22 23 24 25 26 31- INICIO DA ETAPA 3 27 28 29 30 31 DIAS 0 0 0 0 0 0 ACUMULADO 0 0 0 0 0 0 DIAS LETIVOS NO MÊS 0 DIAS LETIVOS ACUMULADOS NO SEMESTRE 0 DIAS LETIVOS ACUMULADOS NO ANO 100 AGOSTO ATIVIDADES / EVENTOS - AGOSTO",1,0,1,0,0,3
2025-07-10,DIA LETIVO PADRAO,0,0,0,1,0,3
2025-07-11,DIA LETIVO PADRAO,0,0,0,1,0,3
2025-07-12,SABADO,0,0,0,0,0,3
2025-07-13,DOMINGO,0,0,0,0,0,3
2025-07-14,DIA LETIVO PADRAO,0,0,0,1,0,3
2025-07-15,DIA LETIVO PADRAO,0,0,0,1,0,3
2025-07-16,DIA LETIVO PADRAO,0,0,0,1,0,3
2025-07-17,DIA LETIVO PADRAO,0,0,0,1,0,3
2025-07-18,DIA LETIVO PADRAO,0,0,0,1,0,3
2025-07-19,SABADO,0,0,0,0,0,3
2025-07-20,DOMINGO,0,0,0,0,0,3
2025-07-21,DIA LETIVO PADRAO,0,0,0,1,0,3
2025-07-22,DIA LETIVO PADRAO,0,0,0,1,0,3
2025-07-23,DIA LETIVO PADRAO,0,0,0,1,0,3
2025-07-24,DIA LETIVO PADRAO,0,0,0,1,0,3
2025-07-25,DIA LETIVO PADRAO,0,0,0,1,0,3
2025-07-26,SABADO,0,0,0,0,0,3
2025-07-27,DOMINGO,0,0,0,0,0,3
2025-07-28,DIA LETIVO PADRAO,0,0,0,1,0,3
2025-07-29,DIA LETIVO PADRAO,0,0,0,1,0,3
2025-07-30,DIA LETIVO PADRAO,0,0,0,1,0,3
2025-07-31,DIA LETIVO PADRAO,0,0,0,1,0,3
2025-08-01,"CONSELHO DE CLASSE DO 2º BIMESTRE 1 2 04 A 08 – ENCONTRO DA CSP 3 4 5 6 7 8 9 9 – SÁBADO LETIVO 10 11 12 13 14 15 16 14 E 15 – REUNIÃO DE PAIS 17 18 19 20 21 22 23 16 – SÁBADO LETIVO 24 25 26 27 28 29 30 31 DIAS 4 4 4 3 4 3 ACUMULADO 4 4 4 3 4 3 DIAS LETIVOS NO MÊS 22 DIAS LETIVOS ACUMULADOS NO SEMESTRE 22 DIAS LETIVOS ACUMULADOS NO ANO 122 SETEMBRO ATIVIDADES / EVENTOS - SETEMBRO",0,0,1,1,0,3
2025-08-02,SABADO,0,0,0,0,0,3
2025-08-03,DOMINGO,0,0,0,0,0,3
2025-08-04,DIA LETIVO PADRAO,0,0,0,1,0,3
2025-08-05,DIA LETIVO PADRAO,0,0,0,1,0,3
2025-08-06,DIA LETIVO PADRAO,0,0,0,1,0,3
2025-08-07,DIA LETIVO PADRAO,0,0,0,1,0,3
2025-08-08,DIA LETIVO PADRAO,0,0,0,1,0,3
2025-08-09,SABADO,0,0,0,0,0,3
2025-08-10,DOMINGO,0,0,0,0,0,3
2025-08-11,DIA LETIVO PADRAO,0,0,0,1,0,3
2025-08-12,DIA LETIVO PADRAO,0,0,0,1,0,3
2025-08-13,DIA LETIVO PADRAO,0,0,0,1,0,3
2025-08-14,DIA LETIVO PADRAO,0,0,0,1,0,3
2025-08-15,DIA LETIVO PADRAO,0,0,0,1,0,3
2025-08-16,SABADO,0,0,0,0,0,3
2025-08-17,DOMINGO,0,0,0,0,0,3
2025-08-18,DIA LETIVO PADRAO,0,0,0,1,0,3
2025-08-19,DIA LETIVO PADRAO,0,0,0,1,0,3
2025-08-20,DIA LETIVO PADRAO,0,0,0,1,0,3
2025-08-21,DIA LETIVO PADRAO,0,0,0,1,0,3
2025-08-22,DIA LETIVO PADRAO,0,0,0,1,0,3
2025-08-23,SABADO,0,0,0,0,0,3
2025-08-24,DOMINGO,0,0,0,0,0,3
2025-08-25,DIA LETIVO PADRAO,0,0,0,1,0,3
2025-08-26,DIA LETIVO PADRAO,0,0,0,1,0,3
2025-08-27,DIA LETIVO PADRAO,0,0,0,1,0,3
2025-08-28,DIA LETIVO PADRAO,0,0,0,1,0,3
2025-08-29,DIA LETIVO PADRAO,0,0,0,1,0,3
2025-08-30,SABADO,0,0,0,0,0,3
2025-08-31,DOMINGO,0,1,0,0,0,3
2025-09-01,"ENCONTRO DA CSP 1 2 3 4 5 6 07– INDEPENDÊNCIA DO BRASIL - LEI FEDERAL Nº 10.607, DE 19/12/2002 (FERIADO FEDERAL) 7 8 9 10 11 12 13 08 – FUNDAÇÃO DE ITAQUAQUECETUBA - LEI ORGÂNICA (FERIADO MUNICIPAL) 14 15 16 17 18 19 20 13 – SÁBADO LETIVO 21 22 23 24 25 26 27 20 – SÁBADO LETIVO 28 29 30 27 – SÁBADO LETIVO DIAS 4 5 4 4 4 2 ACUMULADO 8 9 8 7 8 5 DIAS LETIVOS NO MÊS 23 DIAS LETIVOS ACUMULADOS NO SEMESTRE 45 DIAS LETIVOS ACUMULADOS NO ANO 145 OUTUBRO ATIVIDADES / EVENTOS - OUTUBRO",1,1,0,0,0,3
2025-09-02,"ENCONTRO DA CSP 1 2 3 4 5 6 07– INDEPENDÊNCIA DO BRASIL - LEI FEDERAL Nº 10.607, DE 19/12/2002 (FERIADO FEDERAL) 7 8 9 10 11 12 13 08 – FUNDAÇÃO DE ITAQUAQUECETUBA - LEI ORGÂNICA (FERIADO MUNICIPAL) 14 15 16 17 18 19 20 13 – SÁBADO LETIVO 21 22 23 24 25 26 27 20 – SÁBADO LETIVO 28 29 30 27 – SÁBADO LETIVO DIAS 4 5 4 4 4 2 ACUMULADO 8 9 8 7 8 5 DIAS LETIVOS NO MÊS 23 DIAS LETIVOS ACUMULADOS NO SEMESTRE 45 DIAS LETIVOS ACUMULADOS NO ANO 145 OUTUBRO ATIVIDADES / EVENTOS - OUTUBRO",1,1,0,0,0,3
2025-09-03,"ENCONTRO DA CSP 1 2 3 4 5 6 07– INDEPENDÊNCIA DO BRASIL - LEI FEDERAL Nº 10.607, DE 19/12/2002 (FERIADO FEDERAL) 7 8 9 10 11 12 13 08 – FUNDAÇÃO DE ITAQUAQUECETUBA - LEI ORGÂNICA (FERIADO MUNICIPAL) 14 15 16 17 18 19 20 13 – SÁBADO LETIVO 21 22 23 24 25 26 27 20 – SÁBADO LETIVO 28 29 30 27 – SÁBADO LETIVO DIAS 4 5 4 4 4 2 ACUMULADO 8 9 8 7 8 5 DIAS LETIVOS NO MÊS 23 DIAS LETIVOS ACUMULADOS NO SEMESTRE 45 DIAS LETIVOS ACUMULADOS NO ANO 145 OUTUBRO ATIVIDADES / EVENTOS - OUTUBRO",1,1,0,0,0,3
2025-09-04,"ENCONTRO DA CSP 1 2 3 4 5 6 07– INDEPENDÊNCIA DO BRASIL - LEI FEDERAL Nº 10.607, DE 19/12/2002 (FERIADO FEDERAL) 7 8 9 10 11 12 13 08 – FUNDAÇÃO DE ITAQUAQUECETUBA - LEI ORGÂNICA (FERIADO MUNICIPAL) 14 15 16 17 18 19 20 13 – SÁBADO LETIVO 21 22 23 24 25 26 27 20 – SÁBADO LETIVO 28 29 30 27 – SÁBADO LETIVO DIAS 4 5 4 4 4 2 ACUMULADO 8 9 8 7 8 5 DIAS LETIVOS NO MÊS 23 DIAS LETIVOS ACUMULADOS NO SEMESTRE 45 DIAS LETIVOS ACUMULADOS NO ANO 145 OUTUBRO ATIVIDADES / EVENTOS - OUTUBRO",1,1,0,0,0,3
2025-09-05,"ENCONTRO DA CSP 1 2 3 4 5 6 07– INDEPENDÊNCIA DO BRASIL - LEI FEDERAL Nº 10.607, DE 19/12/2002 (FERIADO FEDERAL) 7 8 9 10 11 12 13 08 – FUNDAÇÃO DE ITAQUAQUECETUBA - LEI ORGÂNICA (FERIADO MUNICIPAL) 14 15 16 17 18 19 20 13 – SÁBADO LETIVO 21 22 23 24 25 26 27 20 – SÁBADO LETIVO 28 29 30 27 – SÁBADO LETIVO DIAS 4 5 4 4 4 2 ACUMULADO 8 9 8 7 8 5 DIAS LETIVOS NO MÊS 23 DIAS LETIVOS ACUMULADOS NO SEMESTRE 45 DIAS LETIVOS ACUMULADOS NO ANO 145 OUTUBRO ATIVIDADES / EVENTOS - OUTUBRO",1,0,0,0,0,3
2025-09-06,SABADO,0,0,0,0,0,3
2025-09-07,DOMINGO,0,0,0,0,0,3
2025-09-08,DIA LETIVO PADRAO,0,0,0,1,0,3
2025-09-09,DIA LETIVO PADRAO,0,0,0,1,0,3
2025-09-10,DIA LETIVO PADRAO,0,0,0,1,0,3
2025-09-11,DIA LETIVO PADRAO,0,0,0,1,0,3
2025-09-12,DIA LETIVO PADRAO,0,0,0,1,0,3
2025-09-13,SABADO,0,0,0,0,0,3
2025-09-14,DOMINGO,0,0,0,0,0,3
2025-09-15,DIA LETIVO PADRAO,0,0,0,1,0,3
2025-09-16,DIA LETIVO PADRAO,0,0,0,1,0,3
2025-09-17,DIA LETIVO PADRAO,0,0,0,1,0,3
2025-09-18,DIA LETIVO PADRAO,0,0,0,1,0,3
2025-09-19,DIA LETIVO PADRAO,0,0,0,1,0,3
2025-09-20,SABADO,0,0,0,0,0,3
2025-09-21,DOMINGO,0,0,0,0,0,3
2025-09-22,DIA LETIVO PADRAO,0,0,0,1,0,3
2025-09-23,DIA LETIVO PADRAO,0,0,0,1,0,3
2025-09-24,DIA LETIVO PADRAO,0,0,0,1,0,3
2025-09-25,DIA LETIVO PADRAO,0,0,0,1,0,3
2025-09-26,DIA LETIVO PADRAO,0,0,0,1,0,3
2025-09-27,SABADO,0,0,0,0,0,3
2025-09-28,DOMINGO,0,0,0,0,0,3
2025-09-29,DIA LETIVO PADRAO,0,0,0,1,0,3
2025-09-30,DIA LETIVO PADRAO,0,0,0,1,0,3
2025-10-01,DIA LETIVO PADRAO,0,1,0,1,0,3
2025-10-02,"ENCERRAMENTO DA ETAPA 3 1 2 3 4 03- INÍCIO DA ETAPA 4 5 6 7 8 9 10 11 12 13 14 15 16 17 18 19 20 21 22 23 24 25 06 A 11- SEMANA NACIONAL DE CIÊNCIA E TECNOLOGIA 26 27 28 29 30 31 12 – NOSSA SENHORA APARECIDA – LEI FEDERAL Nº 6.802, DE 30/06/1980 (FERIADO FEDERAL) DIAS 3 2 4 5 5 3 13 E 14 – CONSELHO DO 3º BIMESTRE ACUMULADO 11 11 12 12 13 8 15 – DIA DO PROFESSOR – DECRETO FEDERAL Nº 52.682, DE 14/10/1963 DIAS LETIVOS NO MÊS 22 DIAS LETIVOS ACUMULADOS NO SEMESTRE 67 DIAS LETIVOS ACUMULADOS NO ANO 167 28 – DIA DO SERVIDOR PÚBLICO – ART. 236 DA LEI Nº 8.112, DE 11/12/1990 / (FERIADO FEDERAL / PONTO FACULTATIVO)",1,0,1,0,1,4
2025-10-03,DIA LETIVO PADRAO,0,0,0,1,0,4
2025-10-04,SABADO,0,0,0,0,0,4
2025-10-05,DOMINGO,0,0,0,0,0,4
2025-10-06,DIA LETIVO PADRAO,0,0,0,1,0,4
2025-10-07,DIA LETIVO PADRAO,0,0,0,1,0,4
2025-10-08,DIA LETIVO PADRAO,0,0,0,1,0,4
2025-10-09,DIA LETIVO PADRAO,0,0,0,1,0,4
2025-10-10,DIA LETIVO PADRAO,0,0,0,1,0,4
2025-10-11,SABADO,0,0,0,0,0,4
2025-10-12,DOMINGO,0,0,0,0,0,4
2025-10-13,DIA LETIVO PADRAO,0,0,0,1,0,4
2025-10-14,DIA LETIVO PADRAO,0,0,0,1,0,4
2025-10-15,DIA LETIVO PADRAO,0,0,0,1,0,4
2025-10-16,DIA LETIVO PADRAO,0,0,0,1,0,4
2025-10-17,DIA LETIVO PADRAO,0,0,0,1,0,4
2025-10-18,SABADO,0,0,0,0,0,4
2025-10-19,DOMINGO,0,0,0,0,0,4
2025-10-20,DIA LETIVO PADRAO,0,0,0,1,0,4
2025-10-21,DIA LETIVO PADRAO,0,0,0,1,0,4
2025-10-22,DIA LETIVO PADRAO,0,0,0,1,0,4
2025-10-23,DIA LETIVO PADRAO,0,0,0,1,0,4
2025-10-24,DIA LETIVO PADRAO,0,0,0,1,0,4
2025-10-25,SABADO,0,0,0,0,0,4
2025-10-26,DOMINGO,0,0,0,0,0,4
2025-10-27,DIA LETIVO PADRAO,0,0,0,1,0,4
2025-10-28,DIA LETIVO PADRAO,0,0,0,1,0,4
2025-10-29,DIA LETIVO PADRAO,0,0,0,1,0,4
2025-10-30,DIA LETIVO PADRAO,0,0,0,1,0,4
2025-10-31,"PRAZO MÁXIMO PARA CANCELAMENTO DAS DISCIPLINAS OPTATIVAS NOVEMBRO ATIVIDADES / EVENTOS - NOVEMBRO",0,1,0,1,0,4
2025-11-01,"FESTA DE HALLOWEEN/ DIA DE LOS MUERTOS (SUGESTÃO) 1 02 – FINADOS – LEI FEDERAL Nº 10.607, DE 19/12/2002 (FERIADO FEDERAL) 2 3 4 5 6 7 8 03 A 07 – ENCONTRO DA CSP",1,0,0,0,0,4
2025-11-02,DOMINGO,0,0,0,0,0,4
2025-11-03,DIA LETIVO PADRAO,0,0,0,1,0,4
2025-11-04,SÁBADO LETIVO,0,0,0,1,0,4
2025-11-05,DIA LETIVO PADRAO,0,0,0,1,0,4
2025-11-06,LIMITE DE ENTREGA DE NOTAS,0,0,0,1,0,4
2025-11-07,DIA LETIVO PADRAO,0,0,0,1,0,4
2025-11-08,SABADO,0,0,0,0,0,4
2025-11-09,DOMINGO,0,0,0,0,0,4
2025-11-10,DIA LETIVO PADRAO,0,0,0,1,0,4
2025-11-11,DIA LETIVO PADRAO,0,0,0,1,0,4
2025-11-12,DIA LETIVO PADRAO,0,0,0,1,0,4
2025-11-13,DIA LETIVO PADRAO,0,0,0,1,0,4
2025-11-14,DIA LETIVO PADRAO,0,0,0,1,0,4
2025-11-15,SABADO,0,0,0,0,0,4
2025-11-16,DOMINGO,0,0,0,0,0,4
2025-11-17,DIA LETIVO PADRAO,0,0,0,1,0,4
2025-11-18,SÁBADO LETIVO,0,0,0,1,0,4
2025-11-19,DIA LETIVO PADRAO,0,0,0,1,0,4
2025-11-20,DIA LETIVO PADRAO,0,1,0,1,0,4
2025-11-21,"REUNIÃO ORDINÁRIA DO NAPNE CALENDÁRIO ACADÊMICO  2025 9 10 11 12 13 14 15 08 – SÁBADO LETIVO 16 17 18 19 20 21 22 15 – PROCLAMAÇÃO DA REPÚBLICA – LEI FEDERAL Nº 10.607, DE 19/12/2002 (FERIADO FEDERAL) 23 24 25 26 27 28 29 20 – DIA ESTADUAL DA CONSCIÊNCIA NEGRA – LEI ESTADUAL Nº. 17.746 DE 12/09/2023 30 24 A 29 – SEMANA DA CONSCIÊNCIA NEGRA DIAS 4 4 4 3 4 3 ACUMULADO 15 15 16 15 17 11 DIAS LETIVOS NO MÊS 22 DIAS LETIVOS ACUMULADOS NO SEMESTRE 89 DIAS LETIVOS ACUMULADOS NO ANO 189 DEZEMBRO ATIVIDADES / EVENTOS - DEZEMBRO",1,0,1,0,1,4
2025-11-22,SABADO,0,0,0,0,0,4
2025-11-23,DOMINGO,0,0,0,0,0,4
2025-11-24,DIA LETIVO PADRAO,0,0,0,1,0,4
2025-11-25,DIA LETIVO PADRAO,0,0,0,1,0,4
2025-11-26,REUNIÃO ORDINÁRIA DO NAPNE,0,0,1,1,0,4
2025-11-27,DIA LETIVO PADRAO,0,0,0,1,0,4
2025-11-28,DIA LETIVO PADRAO,0,0,0,1,0,4
2025-11-29,SABADO,0,0,0,0,0,4
2025-11-30,SÁBADO LETIVO / REUNIÃO ORDINÁRIA DO NAPNE,0,0,1,0,0,4
2025-12-01,DIA LETIVO PADRAO,0,0,0,1,0,4
2025-12-02,DIA LETIVO PADRAO,0,0,0,1,0,4
2025-12-03,DIA LETIVO PADRAO,0,0,0,1,0,4
2025-12-04,DIA LETIVO PADRAO,0,0,0,1,0,4
2025-12-05,DIA LETIVO PADRAO,0,1,0,1,0,4
2025-12-06,"APRESENTAÇÃO DE PROJETOS INTEGRADORES – LANCHE COLETIVO 1 2 3 4 5 6 11 – ENCERRAMENTO DA ETAPA 4 7 8 9 10 11 12 13 12, 15, 16 E 17 – REAVALIAÇÃO 14 15 16 17 18 19 20 18 E 19 - CONSELHOS 21 22 23 24 25 26 27 25 – NATAL – LEI FEDERAL Nº 10.607, DE 19/12/2002 (FERIADO FEDERAL) 28 29 30 31 DIAS 2 2 2 2 2 1 ACUMULADO 17 17 18 17 19 12 DIAS LETIVOS NO MÊS 11 DIAS LETIVOS ACUMULADOS NO SEMESTRE 100 DIAS LETIVOS ACUMULADOS NO ANO 200",1,0,1,0,0,4
2025-12-07,DOMINGO,0,0,0,0,0,0
2025-12-08,DIA LETIVO PADRAO,0,0,0,1,0,0
2025-12-09,DIA LETIVO PADRAO,0,0,0,1,0,0
2025-12-10,DIA LETIVO PADRAO,0,0,0,1,0,0
2025-12-11,DIA LETIVO PADRAO,0,0,0,1,0,0
2025-12-12,DIA LETIVO PADRAO,0,0,0,1,0,0
2025-12-13,SABADO,0,0,0,0,0,0
2025-12-14,DOMINGO,0,0,0,0,0,0
2025-12-15,DIA LETIVO PADRAO,0,0,0,1,0,0
2025-12-16,DIA LETIVO PADRAO,0,0,0,1,0,0
2025-12-17,DIA LETIVO PADRAO,0,0,0,1,0,0
2025-12-18,DIA LETIVO PADRAO,0,0,0,1,0,0
2025-12-19,DIA LETIVO PADRAO,0,0,0,1,0,0
2025-12-20,SABADO,0,0,0,0,0,0
2025-12-21,DOMINGO,0,0,0,0,0,0
2025-12-22,DIA LETIVO PADRAO,0,0,0,1,0,0
2025-12-23,DIA LETIVO PADRAO,0,0,0,1,0,0
2025-12-24,DIA LETIVO PADRAO,0,0,0,1,0,0
2025-12-25,DIA LETIVO PADRAO,0,0,0,1,0,0
2025-12-26,DIA LETIVO PADRAO,0,0,0,1,0,0
2025-12-27,SABADO,0,0,0,0,0,0
2025-12-28,DOMINGO,0,0,0,0,0,0
2025-12-29,DIA LETIVO PADRAO,0,0,0,1,0,0
2025-12-30,DIA LETIVO PADRAO,0,0,0,1,0,0
2025-12-31,DIA LETIVO PADRAO,0,0,0,1,0,0
